from,to,from_iso,to_iso,value
8478,8478,AGO,AGO,7.751
8478,8393,AGO,BEN,0.058864
8478,8404,AGO,BHS,0.019336
8478,8457,AGO,BLZ,0.00025667
8478,8418,AGO,BRB,0.13475
8478,8493,AGO,CAN,0.0060746
8478,8473,AGO,CIV,0.25548
8478,8475,AGO,CMR,4.6867
8478,8477,AGO,COD,0.20551
8478,8394,AGO,COG,0.64391
8478,8426,AGO,COL,0.019422
8478,8362,AGO,CPV,0.015144
8478,8406,AGO,CUB,0.068789
8478,8409,AGO,DOM,0.11516
8478,5677,AGO,FRA,0.082991
8478,8476,AGO,GAB,2.5479
8478,5696,AGO,GBR,0.49059
8478,8400,AGO,GHA,0.36165
8478,8472,AGO,GIN,0.074264
8478,33177,AGO,GLP,0.031143
8478,8370,AGO,GMB,0.00042779
8478,8471,AGO,GNB,0.019678
8478,8398,AGO,GNQ,2.7345
8478,8460,AGO,GUY,0.060147
8478,8427,AGO,HND,0.02293
8478,8408,AGO,HTI,0.058522
8478,8459,AGO,JAM,0.043891
8478,8391,AGO,LBR,0.34001
8478,8429,AGO,MEX,0.019764
8478,33178,AGO,MTQ,0.028919
8478,8395,AGO,NAM,0.00034223
8478,8474,AGO,NGA,0.88073
8478,8425,AGO,NIC,0.014716
8478,5668,AGO,NLD,0.021475
8478,33179,AGO,PRI,0.072125
8478,5688,AGO,PRT,0.0017967
8478,8371,AGO,SEN,0.0041068
8478,8390,AGO,SLE,0.2133
8478,8461,AGO,SUR,0.076489
8478,8392,AGO,TGO,0.027122
8478,8420,AGO,TTO,0.041752
8478,8467,AGO,URY,0.0025667
8478,8456,AGO,USA,0.15315
8478,8433,AGO,VEN,0.2014
8478,8464,AGO,BRA,3.1741
5670,5670,ALB,ALB,1.6456
5670,8376,ALB,CYP,0.043549
5670,8490,ALB,EGY,1.3582
5670,5679,ALB,GRC,3.7002
5670,5673,ALB,HRV,6.9069
5670,8357,ALB,ISR,0.1937
5670,5682,ALB,ITA,10.544
5670,8374,ALB,LBN,0.052875
5670,8372,ALB,LBY,4.2676
5670,5685,ALB,MLT,0.17394
5670,8373,ALB,SYR,0.021475
5670,8366,ALB,TUN,0.090178
5670,5697,ALB,TUR,0.050907
8466,8466,ARG,ARG,1.2595
8466,5696,ARG,GBR,0.55801
8466,8395,ARG,NAM,0.0017967
8466,8467,ARG,URY,0.51078
8466,8396,ARG,ZAF,0.0077858
8466,8464,ARG,BRA,0.1724
8323,8323,AUS,AUS,3.933
8323,8325,AUS,FJI,0.038929
8323,8312,AUS,NCL,0.18361
8323,8455,AUS,NZL,0.8027
8323,8313,AUS,VUT,0.010352
8393,8393,BEN,BEN,0.7719
8393,8473,BEN,CIV,0.035335
8393,8475,BEN,CMR,0.46509
8393,8400,BEN,GHA,0.52558
8393,8398,BEN,GNQ,0.047741
8393,8474,BEN,NGA,11.573
8393,8392,BEN,TGO,0.16145
8481,8481,BGD,BGD,74.793
8481,8492,BGD,IDN,0.26694
8481,8480,BGD,IND,55.476
8481,8346,BGD,LKA,0.35258
8481,8345,BGD,MDV,0.0051335
8481,8482,BGD,MMR,66.32
8481,8343,BGD,MUS,0.00034223
8481,8483,BGD,MYS,0.050222
8481,8332,BGD,THA,1.0531
5672,5672,BGR,BGR,3.0308
5672,5678,BGR,GEO,0.67941
5672,5689,BGR,ROU,0.59232
5672,5690,BGR,RUS,1.1253
5672,5697,BGR,TUR,7.3416
5672,5695,BGR,UKR,1.4114
8358,8360,BHR,ARE,0.036619
8358,8358,BHR,BHR,0.11653
8358,8468,BHR,QAT,1.1745
8358,8356,BHR,SAU,0.51959
8404,8404,BHS,BHS,0.2174
8404,8493,BHS,CAN,0.0031656
8404,8406,BHS,CUB,0.0068446
8404,5696,BHS,GBR,0.073665
8404,5681,BHS,IRL,8.56E-05
8404,8456,BHS,USA,0.083419
22491,5670,BIH,ALB,0.23161
22491,8376,BIH,CYP,0.00051335
22491,8490,BIH,EGY,0.1493
22491,5679,BIH,GRC,0.70414
22491,5673,BIH,HRV,3.9108
22491,8357,BIH,ISR,0.013176
22491,5682,BIH,ITA,4.606
22491,8374,BIH,LBN,0.011037
22491,8372,BIH,LBY,0.56639
22491,5685,BIH,MLT,0.041153
22491,8373,BIH,SYR,0.0020534
22491,8366,BIH,TUN,0.0089836
8457,8404,BLZ,BHS,0.011123
8457,8457,BLZ,BLZ,0.38843
8457,8406,BLZ,CUB,0.0005989
8457,8430,BLZ,GTM,0.2524
8457,8427,BLZ,HND,0.202
8457,8429,BLZ,MEX,0.039528
8457,8456,BLZ,USA,0.068617
8464,8466,BRA,ARG,1.035
8464,8393,BRA,BEN,0.00077
8464,8404,BRA,BHS,0.72365
8464,8457,BRA,BLZ,0.012748
8464,8418,BRA,BRB,1.2315
8464,8493,BRA,CAN,0.020021
8464,8473,BRA,CIV,0.0051335
8464,8475,BRA,CMR,0.52669
8464,8426,BRA,COL,0.13723
8464,8362,BRA,CPV,0.010352
8464,8424,BRA,CRI,0.0041068
8464,8406,BRA,CUB,1.2545
8464,8409,BRA,DOM,1.2922
8464,5693,BRA,ESP,0.0008556
8464,5677,BRA,FRA,0.81828
8464,8476,BRA,GAB,0.0002567
8464,5696,BRA,GBR,8.0364
8464,8400,BRA,GHA,0.013775
8464,8472,BRA,GIN,0.0009411
8464,33177,BRA,GLP,0.27635
8464,8471,BRA,GNB,0.0011978
8464,8398,BRA,GNQ,0.08128
8464,8430,BRA,GTM,0.0008556
8464,8460,BRA,GUY,0.56691
8464,8427,BRA,HND,0.17591
8464,8408,BRA,HTI,1.1025
8464,8459,BRA,JAM,0.702
8464,8391,BRA,LBR,0.031828
8464,8429,BRA,MEX,0.29902
8464,33178,BRA,MTQ,0.29398
8464,8395,BRA,NAM,0.014288
8464,8474,BRA,NGA,0.16769
8464,8425,BRA,NIC,0.05527
8464,5668,BRA,NLD,0.18472
8464,8423,BRA,PAN,0.060147
8464,33179,BRA,PRI,0.90323
8464,5688,BRA,PRT,0.030544
8464,8371,BRA,SEN,0.0001711
8464,8390,BRA,SLE,0.0019678
8464,8461,BRA,SUR,0.74512
8464,8392,BRA,TGO,0.0009411
8464,8420,BRA,TTO,0.39083
8464,8467,BRA,URY,3.5299
8464,8456,BRA,USA,1.496
8464,8433,BRA,VEN,1.4774
8464,8396,BRA,ZAF,0.091718
8464,8464,BRA,BRA,216.87
8418,8404,BRB,BHS,0.27327
8418,8457,BRB,BLZ,0.0025667
8418,8418,BRB,BRB,0.057067
8418,8493,BRB,CAN,0.01771
8418,8426,BRB,COL,0.01463
8418,8424,BRB,CRI,0.00025667
8418,8406,BRB,CUB,0.45397
8418,8409,BRB,DOM,0.28551
8418,5677,BRB,FRA,0.00094114
8418,5696,BRB,GBR,0.31605
8418,33177,BRB,GLP,0.034822
8418,8427,BRB,HND,0.039528
8418,8408,BRB,HTI,0.26591
8418,8459,BRB,JAM,0.13629
8418,8429,BRB,MEX,0.093087
8418,33178,BRB,MTQ,0.037132
8418,8425,BRB,NIC,0.0067591
8418,5668,BRB,NLD,0.020106
8418,33179,BRB,PRI,0.15563
8418,5688,BRB,PRT,0.015828
8418,8420,BRB,TTO,0.00042779
8418,8456,BRB,USA,0.46886
8418,8433,BRB,VEN,0.14707
8465,8465,CHL,CHL,4.5046
8465,5696,CHL,GBR,0.020363
8465,8432,CHL,PER,0.0053901
8486,8323,CHN,AUS,2.0412
8486,8393,CHN,BEN,0.015999
8486,8481,CHN,BGD,0.0064168
8486,8404,CHN,BHS,0.024726
8486,8457,CHN,BLZ,0.007358
8486,8418,CHN,BRB,0.027721
8486,26521,CHN,BRN,1.5152
8486,8486,CHN,CHN,2809.7
8486,8473,CHN,CIV,0.069901
8486,8475,CHN,CMR,4.822
8486,8426,CHN,COL,0.0057324
8486,8334,CHN,COM,0.010609
8486,8362,CHN,CPV,0.0041068
8486,8424,CHN,CRI,0.00034223
8486,8406,CHN,CUB,0.096167
8486,8409,CHN,DOM,0.051078
8486,5677,CHN,FRA,0.057666
8486,8476,CHN,GAB,0.0031656
8486,5696,CHN,GBR,0.058864
8486,8400,CHN,GHA,0.17556
8486,8472,CHN,GIN,0.16427
8486,33177,CHN,GLP,0.0035934
8486,8370,CHN,GMB,0.0043634
8486,8471,CHN,GNB,0.0087269
8486,8398,CHN,GNQ,0.55544
8486,8430,CHN,GTM,0.0005989
8486,8460,CHN,GUY,0.010096
8486,8427,CHN,HND,0.0082136
8486,8408,CHN,HTI,0.051762
8486,8492,CHN,IDN,155.41
8486,8480,CHN,IND,4.0651
8486,8459,CHN,JAM,0.031057
8486,8487,CHN,JPN,625.45
8486,8331,CHN,KHM,21.392
8486,8327,CHN,KOR,473.78
8486,8391,CHN,LBR,0.083932
8486,8346,CHN,LKA,0.13895
8486,8348,CHN,MDG,0.049196
8486,8345,CHN,MDV,0.010181
8486,8429,CHN,MEX,0.013176
8486,8482,CHN,MMR,3.7348
8486,8347,CHN,MOZ,0.0035079
8486,8369,CHN,MRT,0.0029945
8486,33178,CHN,MTQ,0.010096
8486,8343,CHN,MUS,0.59155
8486,8483,CHN,MYS,140.48
8486,8474,CHN,NGA,1.5597
8486,8425,CHN,NIC,0.0021389
8486,5668,CHN,NLD,0.0032512
8486,8423,CHN,PAN,0.016427
8486,8322,CHN,PHL,81.519
8486,8324,CHN,PNG,0.12355
8486,33179,CHN,PRI,0.015572
8486,8328,CHN,PRK,42.058
8486,8338,CHN,REU,0.050137
8486,5690,CHN,RUS,5.2384
8486,8371,CHN,SEN,0.008898
8486,8485,CHN,SGP,0.47177
8486,8390,CHN,SLE,0.045773
8486,8461,CHN,SUR,0.022416
8486,8392,CHN,TGO,0.0097536
8486,8332,CHN,THA,45.166
8486,8758,CHN,TLS,0.012577
8486,8420,CHN,TTO,0.005989
8486,8479,CHN,TZA,0.00068446
8486,8456,CHN,USA,19.797
8486,8433,CHN,VEN,0.028919
8486,8484,CHN,VNM,675.75
8486,8464,CHN,BRA,0.27002
8473,8393,CIV,BEN,3.4831
8473,8473,CIV,CIV,13.38
8473,8475,CIV,CMR,4.9489
8473,8476,CIV,GAB,0.0041923
8473,8400,CIV,GHA,20.555
8473,8398,CIV,GNQ,0.51651
8473,8391,CIV,LBR,0.088125
8473,8474,CIV,NGA,34.391
8473,8390,CIV,SLE,0.0019678
8473,8392,CIV,TGO,1.6662
8473,8464,CIV,BRA,0.010951
8475,8393,CMR,BEN,0.0019678
8475,8475,CMR,CMR,25.364
8475,8398,CMR,GNQ,3.3792
8475,8474,CMR,NGA,0.19978
8475,8392,CMR,TGO,0.00034223
8477,8478,COD,AGO,0.362
8477,8393,COD,BEN,0.012577
8477,8418,COD,BRB,0.0085558
8477,8473,COD,CIV,0.024983
8477,8475,COD,CMR,0.91025
8477,8477,COD,COD,0.041068
8477,8394,COD,COG,0.14528
8477,8426,COD,COL,0.00042779
8477,8409,COD,DOM,0.0011123
8477,5677,COD,FRA,0.0047912
8477,8476,COD,GAB,0.62483
8477,5696,COD,GBR,0.028747
8477,8400,COD,GHA,0.056725
8477,8472,COD,GIN,0.012149
8477,33177,COD,GLP,0.0011123
8477,8471,COD,GNB,0.016855
8477,8398,COD,GNQ,0.49974
8477,8460,COD,GUY,0.0067591
8477,8408,COD,HTI,0.0053901
8477,8459,COD,JAM,0.0011978
8477,8391,COD,LBR,0.095654
8477,33178,COD,MTQ,0.0011123
8477,8474,COD,NGA,0.21954
8477,5668,COD,NLD,0.0011123
8477,8390,COD,SLE,0.026694
8477,8461,COD,SUR,0.0059035
8477,8392,COD,TGO,0.0050479
8477,8420,COD,TTO,0.0016256
8477,8433,COD,VEN,0.0077858
8477,8464,COD,BRA,0.20714
8394,8478,COG,AGO,0.37688
8394,8464,COG,BRA,0.32298
8394,8393,COG,BEN,0.020705
8394,8418,COG,BRB,0.0088125
8394,8473,COG,CIV,0.039784
8394,8475,COG,CMR,2.9372
8394,8477,COG,COD,0.021988
8394,8394,COG,COG,0.55005
8394,8406,COG,CUB,0.00051335
8394,8409,COG,DOM,0.018224
8394,5677,COG,FRA,0.0083847
8394,8476,COG,GAB,2.5779
8394,5696,COG,GBR,0.067077
8394,8400,COG,GHA,0.10755
8394,8472,COG,GIN,0.0029945
8394,33177,COG,GLP,0.0035079
8394,8471,COG,GNB,0.0014545
8394,8398,COG,GNQ,1.5979
8394,8460,COG,GUY,0.0030801
8394,8408,COG,HTI,0.0047912
8394,8459,COG,JAM,0.0012834
8394,8391,COG,LBR,0.036105
8394,33178,COG,MTQ,0.00077002
8394,8474,COG,NGA,0.31066
8394,5668,COG,NLD,0.0005989
8394,33179,COG,PRI,0.0038501
8394,8371,COG,SEN,0.00017112
8394,8390,COG,SLE,0.023101
8394,8461,COG,SUR,0.0023956
8394,8392,COG,TGO,0.0097536
8394,8420,COG,TTO,0.00034223
8394,8456,COG,USA,0.0016256
8394,8433,COG,VEN,0.0023101
8426,8404,COL,BHS,0.35584
8426,8457,COL,BLZ,0.71954
8426,8493,COL,CAN,0.14887
8426,8426,COL,COL,16.937
8426,8424,COL,CRI,1.2143
8426,8406,COL,CUB,0.46475
8426,8409,COL,DOM,0.00154
8426,8431,COL,ECU,0.034736
8426,5693,COL,ESP,0.0069302
8426,5677,COL,FRA,0.00034223
8426,5696,COL,GBR,0.85096
8426,8430,COL,GTM,0.43498
8426,8427,COL,HND,2.127
8426,8408,COL,HTI,0.00094114
8426,5681,COL,IRL,0.012577
8426,8459,COL,JAM,0.2595
8426,8429,COL,MEX,3.8096
8426,8425,COL,NIC,3.684
8426,5668,COL,NLD,0.0011978
8426,5686,COL,NOR,0.00051335
8426,8423,COL,PAN,20.251
8426,8432,COL,PER,0.00068446
8426,33179,COL,PRI,0.00051335
8426,5688,COL,PRT,0.3205
8426,8440,COL,PYF,0.007358
8426,8428,COL,SLV,0.00085558
8426,8456,COL,USA,7.9459
8426,8433,COL,VEN,0.00068446
8334,8323,COM,AUS,0.031828
8334,8481,COM,BGD,0.030202
8334,26521,COM,BRN,0.00085558
8334,8334,COM,COM,1.8559
8334,8352,COM,DJI,0.0034223
8334,8351,COM,ERI,0.00025667
8334,5677,COM,FRA,2.5806
8334,5696,COM,GBR,0.044405
8334,8492,COM,IDN,0.7832
8334,8480,COM,IND,2.9185
8334,8469,COM,IRN,0.0045346
8334,8349,COM,KEN,1.1188
8334,8346,COM,LKA,0.67941
8334,8348,COM,MDG,4.6688
8334,8345,COM,MDV,1.419
8334,8482,COM,MMR,0.45577
8334,8347,COM,MOZ,9.4862
8334,8343,COM,MUS,0.053901
8334,8483,COM,MYS,0.023186
8334,8395,COM,NAM,0.031742
8334,8354,COM,OMN,0.60601
8334,8359,COM,PAK,0.020876
8334,8322,COM,PHL,0.0019678
8334,8338,COM,REU,0.0084702
8334,8356,COM,SAU,0.017283
8334,8350,COM,SOM,2.6515
8334,8332,COM,THA,0.14904
8334,8479,COM,TZA,4.1891
8334,8484,COM,VNM,0.0031656
8334,8353,COM,YEM,1.4937
8334,8396,COM,ZAF,1.7866
8362,8404,CPV,BHS,0.13766
8362,8418,CPV,BRB,0.016085
8362,8493,CPV,CAN,8.56E-05
8362,8426,CPV,COL,0.0034223
8362,8362,CPV,CPV,0.56194
8362,8424,CPV,CRI,0.0005989
8362,8406,CPV,CUB,0.013604
8362,8409,CPV,DOM,0.083932
8362,5677,CPV,FRA,0.0023956
8362,5696,CPV,GBR,0.31177
8362,8472,CPV,GIN,0.017454
8362,33177,CPV,GLP,0.039699
8362,8370,CPV,GMB,0.00034223
8362,8471,CPV,GNB,0.0046201
8362,8460,CPV,GUY,0.00042779
8362,8408,CPV,HTI,0.016342
8362,8459,CPV,JAM,0.0013689
8362,8391,CPV,LBR,0.00017112
8362,8369,CPV,MRT,0.0027379
8362,33178,CPV,MTQ,0.0077858
8362,8425,CPV,NIC,0.013518
8362,5668,CPV,NLD,0.005219
8362,8423,CPV,PAN,0.0049624
8362,33179,CPV,PRI,0.058265
8362,5688,CPV,PRT,0.0042779
8362,8371,CPV,SEN,0.0094114
8362,8390,CPV,SLE,0.042351
8362,8461,CPV,SUR,0.00068446
8362,8420,CPV,TTO,0.00034223
8362,8456,CPV,USA,0.026095
8362,8433,CPV,VEN,0.012748
8362,8464,CPV,BRA,0.00085558
8424,8404,CRI,BHS,0.0028234
8424,8457,CRI,BLZ,0.061259
8424,8493,CRI,CAN,0.0012834
8424,8426,CRI,COL,2.0376
8424,8424,CRI,CRI,27.353
8424,8406,CRI,CUB,0.019251
8424,8431,CRI,ECU,0.22544
8424,5693,CRI,ESP,0.0017967
8424,5677,CRI,FRA,0.55424
8424,5696,CRI,GBR,0.014716
8424,8430,CRI,GTM,0.59052
8424,8427,CRI,HND,0.1588
8424,8459,CRI,JAM,0.02524
8424,8429,CRI,MEX,2.0197
8424,8425,CRI,NIC,0.4224
8424,8455,CRI,NZL,0.0054757
8424,8423,CRI,PAN,4.2137
8424,8432,CRI,PER,0.0049624
8424,5688,CRI,PRT,0.010096
8424,8440,CRI,PYF,0.066136
8424,8428,CRI,SLV,0.32315
8424,8456,CRI,USA,0.58778
8406,3293,CUB,BEL,8.56E-05
8406,8404,CUB,BHS,5.8764
8406,8457,CUB,BLZ,0.048169
8406,8493,CUB,CAN,0.52413
8406,8426,CUB,COL,0.0074435
8406,8424,CUB,CRI,0.00154
8406,8406,CUB,CUB,18.629
8406,5669,CUB,DEU,0.00077002
8406,8409,CUB,DOM,0.011807
8406,5693,CUB,ESP,0.091804
8406,5677,CUB,FRA,0.055014
8406,5696,CUB,GBR,5.947
8406,8430,CUB,GTM,0.025411
8406,8427,CUB,HND,0.28029
8406,8408,CUB,HTI,0.16059
8406,5681,CUB,IRL,0.12372
8406,8459,CUB,JAM,0.55749
8406,21790,CUB,MCO,0.0018823
8406,8429,CUB,MEX,1.7336
8406,8425,CUB,NIC,0.0094114
8406,5668,CUB,NLD,0.0020534
8406,5686,CUB,NOR,0.0046201
8406,8423,CUB,PAN,0.018395
8406,33179,CUB,PRI,0.01386
8406,5688,CUB,PRT,3.3078
8406,8456,CUB,USA,12.219
5669,5669,DEU,DEU,0.96997
5669,5674,DEU,DNK,1.4456
5669,5675,DEU,EST,0.34702
5669,5676,DEU,FIN,0.074606
5669,5696,DEU,GBR,0.01386
5669,5684,DEU,LTU,0.21518
5669,5683,DEU,LVA,0.24247
5669,5668,DEU,NLD,0.034138
5669,5686,DEU,NOR,1.227
5669,5687,DEU,POL,0.34668
5669,5690,DEU,RUS,0.29038
5669,5694,DEU,SWE,0.68891
8352,8481,DJI,BGD,0.00017112
8352,8352,DJI,DJI,1.6129
8352,8490,DJI,EGY,0.005219
8352,8351,DJI,ERI,0.46886
8352,5696,DJI,GBR,0.00085558
8352,8492,DJI,IDN,0.10113
8352,8480,DJI,IND,1.3853
8352,8469,DJI,IRN,0.022587
8352,8349,DJI,KEN,0.06511
8352,8346,DJI,LKA,0.26857
8352,8345,DJI,MDV,0.2399
8352,8482,DJI,MMR,0.054415
8352,8483,DJI,MYS,0.0060746
8352,8354,DJI,OMN,1.4793
8352,8359,DJI,PAK,0.07204
8352,8322,DJI,PHL,0.0061602
8352,8356,DJI,SAU,0.51523
8352,8355,DJI,SDN,0.083504
8352,8350,DJI,SOM,0.84754
8352,8332,DJI,THA,0.05604
8352,8484,DJI,VNM,0.0011123
8352,8353,DJI,YEM,2.9377
8409,8404,DOM,BHS,10.684
8409,8457,DOM,BLZ,0.047057
8409,8493,DOM,CAN,0.35951
8409,8426,DOM,COL,0.13569
8409,8424,DOM,CRI,0.0035079
8409,8406,DOM,CUB,9.665
8409,5674,DOM,DNK,8.56E-05
8409,8409,DOM,DOM,16.177
8409,5693,DOM,ESP,0.011721
8409,5677,DOM,FRA,0.0043634
8409,5696,DOM,GBR,6.1698
8409,8430,DOM,GTM,0.0058179
8409,8427,DOM,HND,0.50847
8409,8408,DOM,HTI,17.072
8409,5681,DOM,IRL,0.038244
8409,8459,DOM,JAM,3.2106
8409,8429,DOM,MEX,1.371
8409,8425,DOM,NIC,0.077687
8409,5668,DOM,NLD,0.0088125
8409,8423,DOM,PAN,0.046458
8409,33179,DOM,PRI,0.08436
8409,5688,DOM,PRT,0.79209
8409,8456,DOM,USA,8.6064
8409,8433,DOM,VEN,0.015486
8378,5670,DZA,ALB,0.11875
8378,8393,DZA,BEN,0.0063313
8378,8404,DZA,BHS,0.00085558
8378,8418,DZA,BRB,0.0030801
8378,8473,DZA,CIV,0.023015
8378,8475,DZA,CMR,2.3184
8378,8362,DZA,CPV,0.0041068
8378,8406,DZA,CUB,0.018566
8378,8376,DZA,CYP,0.018138
8378,8409,DZA,DOM,0.027806
8378,8378,DZA,DZA,111.04
8378,8490,DZA,EGY,3.5948
8378,5693,DZA,ESP,54.122
8378,5677,DZA,FRA,5.7129
8378,8476,DZA,GAB,0.0011123
8378,5696,DZA,GBR,0.011636
8378,8400,DZA,GHA,0.077088
8378,8472,DZA,GIN,0.0072724
8378,33177,DZA,GLP,0.0011123
8378,8370,DZA,GMB,0.00077002
8378,8471,DZA,GNB,0.00154
8378,8398,DZA,GNQ,0.29962
8378,5679,DZA,GRC,6.2722
8378,8460,DZA,GUY,0.0028234
8378,5673,DZA,HRV,0.25992
8378,8408,DZA,HTI,0.01771
8378,8357,DZA,ISR,0.05142
8378,5682,DZA,ITA,67.269
8378,8459,DZA,JAM,0.0061602
8378,8374,DZA,LBN,0.0095825
8378,8391,DZA,LBR,0.045859
8378,8372,DZA,LBY,86.859
8378,21790,DZA,MCO,1.9671
8378,5685,DZA,MLT,14.742
8378,33178,DZA,MTQ,0.0018823
8378,8474,DZA,NGA,0.71372
8378,5668,DZA,NLD,0.00051335
8378,33179,DZA,PRI,0.0098392
8378,8371,DZA,SEN,0.00034223
8378,8390,DZA,SLE,0.051934
8378,8461,DZA,SUR,0.0011123
8378,8373,DZA,SYR,0.0057324
8378,8392,DZA,TGO,0.0060746
8378,8420,DZA,TTO,0.0024812
8378,8366,DZA,TUN,104.68
8378,5697,DZA,TUR,0.005989
8378,8456,DZA,USA,0.0021389
8378,8433,DZA,VEN,0.0046201
8378,8464,DZA,BRA,0.063142
8431,8323,ECU,AUS,0.0013689
8431,8465,ECU,CHL,0.011379
8431,8426,ECU,COL,21.259
8431,8424,ECU,CRI,0.45371
8431,8431,ECU,ECU,26.258
8431,8325,ECU,FJI,0.021218
8431,5677,ECU,FRA,0.095568
8431,5696,ECU,GBR,0.35053
8431,8430,ECU,GTM,0.0086413
8431,8492,ECU,IDN,0.011893
8431,8487,ECU,JPN,0.00154
8431,8429,ECU,MEX,0.094969
8431,8312,ECU,NCL,0.0045346
8431,8425,ECU,NIC,0.0031656
8431,8455,ECU,NZL,0.44961
8431,8423,ECU,PAN,0.20132
8431,8432,ECU,PER,3.36
8431,8324,ECU,PNG,0.03371
8431,8440,ECU,PYF,2.4631
8431,8314,ECU,SLB,0.0099247
8431,8428,ECU,SLV,0.0028234
8431,8456,ECU,USA,0.32084
8431,8313,ECU,VUT,0.0038501
8431,8445,ECU,WSM,0.0064168
8490,8393,EGY,BEN,0.0041068
8490,8404,EGY,BHS,0.0048768
8490,8418,EGY,BRB,0.0064168
8490,8473,EGY,CIV,0.020619
8490,8475,EGY,CMR,1.6304
8490,8406,EGY,CUB,0.020277
8490,8376,EGY,CYP,7.3175
8490,8409,EGY,DOM,0.012577
8490,8490,EGY,EGY,145.32
8490,5677,EGY,FRA,0.0039357
8490,8476,EGY,GAB,0.0021389
8490,5696,EGY,GBR,0.0050479
8490,8400,EGY,GHA,0.058436
8490,8472,EGY,GIN,0.038843
8490,8471,EGY,GNB,0.00094114
8490,8398,EGY,GNQ,0.25205
8490,5679,EGY,GRC,2.6377
8490,8460,EGY,GUY,0.0010267
8490,8408,EGY,HTI,0.016855
8490,8357,EGY,ISR,61.699
8490,8459,EGY,JAM,0.0040212
8490,8374,EGY,LBN,34.012
8490,8391,EGY,LBR,0.027806
8490,8372,EGY,LBY,0.32734
8490,8429,EGY,MEX,0.0055613
8490,33178,EGY,MTQ,0.00068446
8490,8474,EGY,NGA,0.59805
8490,5668,EGY,NLD,0.00017112
8490,33179,EGY,PRI,0.0034223
8490,8371,EGY,SEN,0.0017967
8490,8390,EGY,SLE,0.077687
8490,8461,EGY,SUR,0.0079569
8490,8373,EGY,SYR,11.777
8490,8392,EGY,TGO,0.002909
8490,8420,EGY,TTO,0.0012834
8490,5697,EGY,TUR,7.6733
8490,8456,EGY,USA,0.0085558
8490,8433,EGY,VEN,0.0035934
8490,8464,EGY,BRA,0.053816
8351,8490,ERI,EGY,0.00085558
8351,8351,ERI,ERI,2.3668
8351,8356,ERI,SAU,0.23956
8351,8355,ERI,SDN,0.27541
8351,8353,ERI,YEM,0.0016256
5693,5670,ESP,ALB,0.0017112
5693,3293,ESP,BEL,0.0087269
5693,8418,ESP,BRB,0.00085558
5693,8362,ESP,CPV,0.016427
5693,5669,ESP,DEU,0.034138
5693,5674,ESP,DNK,0.012491
5693,8409,ESP,DOM,0.00154
5693,8378,ESP,DZA,2.7851
5693,8490,ESP,EGY,0.049795
5693,5693,ESP,ESP,8.5254
5693,5677,ESP,FRA,4.4195
5693,5696,ESP,GBR,0.21809
5693,33177,ESP,GLP,8.56E-05
5693,5679,ESP,GRC,0.11071
5693,5673,ESP,HRV,0.0031656
5693,5681,ESP,IRL,0.020791
5693,8357,ESP,ISR,0.0018823
5693,5682,ESP,ITA,2.8672
5693,8372,ESP,LBY,1.7725
5693,21790,ESP,MCO,0.45722
5693,5685,ESP,MLT,0.37919
5693,8369,ESP,MRT,0.00017112
5693,33178,ESP,MTQ,0.00085558
5693,5668,ESP,NLD,0.032598
5693,5686,ESP,NOR,0.010438
5693,33179,ESP,PRI,0.00077002
5693,5688,ESP,PRT,0.69858
5693,5694,ESP,SWE,0.012748
5693,8366,ESP,TUN,3.3339
5693,5697,ESP,TUR,0.00042779
5693,8433,ESP,VEN,0.00085558
5675,5669,EST,DEU,0.016085
5675,5674,EST,DNK,0.015315
5675,5675,EST,EST,0.69738
5675,5676,EST,FIN,0.71971
5675,5683,EST,LVA,0.020962
5675,5687,EST,POL,0.010438
5675,5690,EST,RUS,0.94559
5675,5694,EST,SWE,0.083761
5676,5669,FIN,DEU,0.0014545
5676,5674,FIN,DNK,0.0032512
5676,5675,FIN,EST,0.60909
5676,5676,FIN,FIN,0.73571
5676,5683,FIN,LVA,0.0014545
5676,5687,FIN,POL,0.0098392
5676,5690,FIN,RUS,0.84839
5676,5694,FIN,SWE,0.063912
8325,8323,FJI,AUS,12.592
8325,8325,FJI,FJI,9.8521
8325,5677,FJI,FRA,0.0034223
8325,8492,FJI,IDN,0.12962
8325,8312,FJI,NCL,11.715
8325,8455,FJI,NZL,2.812
8325,8324,FJI,PNG,0.34831
8325,8440,FJI,PYF,0.0035934
8325,8314,FJI,SLB,0.35079
8325,8758,FJI,TLS,0.0032512
8325,8313,FJI,VUT,3.6852
5677,5670,FRA,ALB,0.0012834
5677,3293,FRA,BEL,0.019251
5677,5669,FRA,DEU,0.11858
5677,5674,FRA,DNK,0.12389
5677,8378,FRA,DZA,0.2577
5677,8490,FRA,EGY,0.0084702
5677,5693,FRA,ESP,0.92728
5677,5677,FRA,FRA,1.5761
5677,5696,FRA,GBR,0.14314
5677,5679,FRA,GRC,0.031828
5677,5673,FRA,HRV,0.008128
5677,5681,FRA,IRL,0.0049624
5677,8357,FRA,ISR,0.00068446
5677,5682,FRA,ITA,0.70149
5677,8372,FRA,LBY,0.40323
5677,21790,FRA,MCO,0.010267
5677,5685,FRA,MLT,0.069901
5677,5668,FRA,NLD,0.067676
5677,5686,FRA,NOR,0.24187
5677,5688,FRA,PRT,0.015229
5677,5690,FRA,RUS,0.00154
5677,5694,FRA,SWE,0.11653
5677,8366,FRA,TUN,0.56057
8476,8475,GAB,CMR,1.6713
8476,8476,GAB,GAB,0.079055
8476,8398,GAB,GNQ,0.82623
8476,8474,GAB,NGA,0.012577
5696,3293,GBR,BEL,0.10652
5696,5669,GBR,DEU,1.053
5696,5674,GBR,DNK,1.6096
5696,5693,GBR,ESP,0.0035934
5696,5677,GBR,FRA,0.86174
5696,5696,GBR,GBR,12.238
5696,5681,GBR,IRL,0.24281
5696,5680,GBR,ISL,0.018823
5696,5668,GBR,NLD,0.93318
5696,5686,GBR,NOR,5.161
5696,5690,GBR,RUS,0.06973
5696,5694,GBR,SWE,1.009
5678,5672,GEO,BGR,1.1717
5678,5678,GEO,GEO,1.5446
5678,5689,GEO,ROU,0.40503
5678,5690,GEO,RUS,1.9999
5678,5697,GEO,TUR,5.1708
5678,5695,GEO,UKR,2.0897
8400,8393,GHA,BEN,2.4655
8400,8473,GHA,CIV,0.45038
8400,8475,GHA,CMR,2.8625
8400,8400,GHA,GHA,7.2377
8400,8398,GHA,GNQ,0.32444
8400,8391,GHA,LBR,0.011379
8400,8474,GHA,NGA,26.071
8400,8390,GHA,SLE,0.00068446
8400,8392,GHA,TGO,1.1343
8472,8393,GIN,BEN,0.010951
8472,8404,GIN,BHS,0.0062457
8472,8418,GIN,BRB,0.050479
8472,8473,GIN,CIV,0.08821
8472,8475,GIN,CMR,0.0086413
8472,8426,GIN,COL,0.0034223
8472,8362,GIN,CPV,0.24666
8472,8406,GIN,CUB,0.011807
8472,8409,GIN,DOM,0.054586
8472,5677,GIN,FRA,0.0095825
8472,5696,GIN,GBR,0.084702
8472,8400,GIN,GHA,0.10404
8472,8472,GIN,GIN,13.388
8472,33177,GIN,GLP,0.028576
8472,8370,GIN,GMB,0.026865
8472,8471,GIN,GNB,0.4159
8472,8398,GIN,GNQ,0.011123
8472,8460,GIN,GUY,0.0041923
8472,8427,GIN,HND,0.0012834
8472,8408,GIN,HTI,0.019251
8472,8459,GIN,JAM,0.022502
8472,8391,GIN,LBR,0.27858
8472,8429,GIN,MEX,0.0028234
8472,8369,GIN,MRT,0.0045346
8472,33178,GIN,MTQ,0.0098392
8472,8474,GIN,NGA,0.080938
8472,8425,GIN,NIC,0.00051335
8472,5668,GIN,NLD,0.0033368
8472,33179,GIN,PRI,0.046971
8472,8371,GIN,SEN,0.18652
8472,8390,GIN,SLE,2.9397
8472,8461,GIN,SUR,0.0057324
8472,8392,GIN,TGO,0.0080424
8472,8420,GIN,TTO,0.0026523
8472,8456,GIN,USA,0.0091547
8472,8433,GIN,VEN,0.030116
8472,8464,GIN,BRA,0.022245
33177,8404,GLP,BHS,0.53114
33177,8457,GLP,BLZ,0.0053901
33177,8418,GLP,BRB,0.00051335
33177,8493,GLP,CAN,0.012406
33177,8426,GLP,COL,0.010096
33177,8406,GLP,CUB,0.32118
33177,8409,GLP,DOM,0.42539
33177,5693,GLP,ESP,0.00017112
33177,5677,GLP,FRA,0.0068446
33177,5696,GLP,GBR,0.58179
33177,33177,GLP,GLP,0.088723
33177,8430,GLP,GTM,0.0021389
33177,8427,GLP,HND,0.020962
33177,8408,GLP,HTI,0.39665
33177,8459,GLP,JAM,0.10532
33177,8429,GLP,MEX,0.048426
33177,33178,GLP,MTQ,0.0017967
33177,8425,GLP,NIC,0.0035079
33177,5668,GLP,NLD,0.029175
33177,33179,GLP,PRI,0.21792
33177,5688,GLP,PRT,0.014117
33177,8456,GLP,USA,0.41958
33177,8433,GLP,VEN,0.083847
8370,8393,GMB,BEN,0.0039357
8370,8404,GMB,BHS,0.0057324
8370,8418,GMB,BRB,0.018737
8370,8473,GMB,CIV,0.062628
8370,8426,GMB,COL,0.0005989
8370,8362,GMB,CPV,0.13989
8370,8409,GMB,DOM,0.028747
8370,5677,GMB,FRA,0.0011978
8370,5696,GMB,GBR,0.035763
8370,8400,GMB,GHA,0.032341
8370,8472,GMB,GIN,1.2322
8370,33177,GMB,GLP,0.01155
8370,8370,GMB,GMB,0.28457
8370,8471,GMB,GNB,3.9067
8370,8460,GMB,GUY,0.0011978
8370,8408,GMB,HTI,0.021903
8370,8459,GMB,JAM,0.0021389
8370,8391,GMB,LBR,0.17856
8370,8369,GMB,MRT,0.010438
8370,33178,GMB,MTQ,0.0055613
8370,8474,GMB,NGA,0.035421
8370,5668,GMB,NLD,0.0023101
8370,33179,GMB,PRI,0.021304
8370,8371,GMB,SEN,0.64956
8370,8390,GMB,SLE,0.41068
8370,8461,GMB,SUR,0.0017967
8370,8392,GMB,TGO,0.00085558
8370,8420,GMB,TTO,0.00042779
8370,8456,GMB,USA,0.011807
8370,8433,GMB,VEN,0.017796
8370,8464,GMB,BRA,0.0038501
8471,8393,GNB,BEN,0.0069302
8471,8404,GNB,BHS,8.56E-05
8471,8418,GNB,BRB,0.0072724
8471,8473,GNB,CIV,0.029774
8471,8475,GNB,CMR,0.61439
8471,8426,GNB,COL,0.0032512
8471,8362,GNB,CPV,0.024127
8471,8406,GNB,CUB,0.0079569
8471,8409,GNB,DOM,0.02447
8471,5677,GNB,FRA,0.0023101
8471,5696,GNB,GBR,0.013604
8471,8400,GNB,GHA,0.048768
8471,8472,GNB,GIN,3.1646
8471,33177,GNB,GLP,0.00094114
8471,8370,GNB,GMB,0.0035934
8471,8471,GNB,GNB,8.4036
8471,8398,GNB,GNQ,0.072639
8471,8460,GNB,GUY,0.0025667
8471,8427,GNB,HND,0.0016256
8471,8408,GNB,HTI,0.00025667
8471,8391,GNB,LBR,0.090092
8471,8429,GNB,MEX,0.0019678
8471,33178,GNB,MTQ,0.0024812
8471,8474,GNB,NGA,0.27353
8471,8425,GNB,NIC,0.00025667
8471,5668,GNB,NLD,0.00017112
8471,33179,GNB,PRI,0.0091547
8471,8371,GNB,SEN,0.021133
8471,8390,GNB,SLE,0.2174
8471,8461,GNB,SUR,0.0018823
8471,8392,GNB,TGO,0.0047057
8471,8420,GNB,TTO,0.00094114
8471,8456,GNB,USA,0.013005
8471,8433,GNB,VEN,0.0043634
8471,8464,GNB,BRA,0.063227
8398,8475,GNQ,CMR,1.2658
8398,8476,GNQ,GAB,0.00051335
8398,8398,GNQ,GNQ,0.19028
8398,8474,GNQ,NGA,0.016769
5679,5670,GRC,ALB,0.0028234
5679,8376,GRC,CYP,0.031485
5679,8490,GRC,EGY,0.48007
5679,5679,GRC,GRC,1.1723
5679,5673,GRC,HRV,0.005219
5679,8357,GRC,ISR,0.055527
5679,5682,GRC,ITA,0.03756
5679,8374,GRC,LBN,0.027379
5679,8372,GRC,LBY,0.17899
5679,5685,GRC,MLT,0.0029945
5679,8373,GRC,SYR,0.0090691
5679,5697,GRC,TUR,0.011807
8430,8404,GTM,BHS,0.00042779
8430,8457,GTM,BLZ,0.3596
8430,8493,GTM,CAN,0.00017112
8430,8426,GTM,COL,6.178
8430,8424,GTM,CRI,5.0562
8430,8406,GTM,CUB,0.00068446
8430,8431,GTM,ECU,0.40888
8430,8325,GTM,FJI,0.0067591
8430,5677,GTM,FRA,7.9178
8430,8430,GTM,GTM,15.744
8430,8427,GTM,HND,0.51608
8430,8429,GTM,MEX,38.537
8430,8425,GTM,NIC,1.247
8430,8455,GTM,NZL,0.0085558
8430,8423,GTM,PAN,2.3173
8430,8432,GTM,PER,0.013005
8430,8440,GTM,PYF,0.094798
8430,8428,GTM,SLV,5.6531
8430,8456,GTM,USA,5.4646
8430,8445,GTM,WSM,0.00077002
8460,8404,GUY,BHS,0.76215
8460,8457,GUY,BLZ,0.057923
8460,8418,GUY,BRB,0.020962
8460,8493,GUY,CAN,0.099675
8460,8426,GUY,COL,0.15572
8460,8424,GUY,CRI,0.009668
8460,8406,GUY,CUB,1.5206
8460,8409,GUY,DOM,0.72339
8460,5677,GUY,FRA,0.00034223
8460,5696,GUY,GBR,0.98357
8460,33177,GUY,GLP,0.0038501
8460,8430,GUY,GTM,0.043634
8460,8460,GUY,GUY,1.8248
8460,8427,GUY,HND,0.25145
8460,8408,GUY,HTI,1.0235
8460,8459,GUY,JAM,0.67839
8460,8429,GUY,MEX,0.58068
8460,33178,GUY,MTQ,0.0034223
8460,8425,GUY,NIC,0.067847
8460,5668,GUY,NLD,0.10592
8460,8423,GUY,PAN,0.11354
8460,33179,GUY,PRI,0.22142
8460,5688,GUY,PRT,0.12389
8460,8461,GUY,SUR,0.0037645
8460,8420,GUY,TTO,0.40118
8460,8456,GUY,USA,2.1888
8460,8433,GUY,VEN,10.607
8427,8404,HND,BHS,0.028405
8427,8457,HND,BLZ,2.5666
8427,8493,HND,CAN,0.0048768
8427,8426,HND,COL,0.31477
8427,8424,HND,CRI,0.29834
8427,8406,HND,CUB,0.024127
8427,8431,HND,ECU,0.010609
8427,5677,HND,FRA,0.50582
8427,5696,HND,GBR,0.051762
8427,8430,HND,GTM,6.9463
8427,8427,HND,HND,4.9986
8427,5681,HND,IRL,0.0033368
8427,8429,HND,MEX,2.8355
8427,8425,HND,NIC,0.404
8427,8423,HND,PAN,0.17112
8427,5688,HND,PRT,0.010866
8427,8428,HND,SLV,1.2108
8427,8456,HND,USA,1.779
5673,5670,HRV,ALB,0.28516
5673,8490,HRV,EGY,0.033196
5673,5679,HRV,GRC,0.68181
5673,5673,HRV,HRV,6.5866
5673,5682,HRV,ITA,8.2048
5673,8372,HRV,LBY,0.70012
5673,5685,HRV,MLT,0.042437
5673,5692,HRV,SVN,0.0041923
5673,8366,HRV,TUN,0.017026
8408,8404,HTI,BHS,11.787
8408,8457,HTI,BLZ,0.075376
8408,8493,HTI,CAN,0.50907
8408,8426,HTI,COL,0.097621
8408,8424,HTI,CRI,0.0028234
8408,8406,HTI,CUB,21.976
8408,8409,HTI,DOM,0.46013
8408,5693,HTI,ESP,0.035934
8408,5677,HTI,FRA,0.023871
8408,5696,HTI,GBR,7.6199
8408,8430,HTI,GTM,0.022758
8408,8427,HTI,HND,0.71963
8408,8408,HTI,HTI,29.366
8408,5681,HTI,IRL,0.041838
8408,8459,HTI,JAM,4.6165
8408,8429,HTI,MEX,2.4179
8408,8425,HTI,NIC,0.072125
8408,5668,HTI,NLD,0.0013689
8408,8423,HTI,PAN,0.025838
8408,33179,HTI,PRI,0.0020534
8408,5688,HTI,PRT,1.4314
8408,8456,HTI,USA,14.201
8408,8433,HTI,VEN,0.0038501
8492,8323,IDN,AUS,110.91
8492,8393,IDN,BEN,0.0013689
8492,8481,IDN,BGD,4.464
8492,8418,IDN,BRB,0.0011123
8492,26521,IDN,BRN,1.0265
8492,8486,IDN,CHN,1.0888
8492,8473,IDN,CIV,0.0029945
8492,8475,IDN,CMR,0.34736
8492,8334,IDN,COM,5.5915
8492,8406,IDN,CUB,0.0064168
8492,8352,IDN,DJI,0.0054757
8492,8409,IDN,DOM,0.0053046
8492,8351,IDN,ERI,0.00051335
8492,8325,IDN,FJI,0.11944
8492,5677,IDN,FRA,29.559
8492,8476,IDN,GAB,0.00034223
8492,5696,IDN,GBR,8.5726
8492,8400,IDN,GHA,0.011721
8492,8472,IDN,GIN,0.039271
8492,33177,IDN,GLP,0.00068446
8492,8471,IDN,GNB,0.0018823
8492,8398,IDN,GNQ,0.034394
8492,8460,IDN,GUY,0.00068446
8492,8427,IDN,HND,0.00068446
8492,8408,IDN,HTI,0.00034223
8492,8492,IDN,IDN,1330.8
8492,8480,IDN,IND,40.35
8492,8469,IDN,IRN,0.0011123
8492,8459,IDN,JAM,0.010267
8492,8487,IDN,JPN,2.7722
8492,8349,IDN,KEN,3.7959
8492,8331,IDN,KHM,0.19832
8492,8327,IDN,KOR,0.12106
8492,8391,IDN,LBR,0.00042779
8492,8346,IDN,LKA,8.3108
8492,8348,IDN,MDG,93.464
8492,8345,IDN,MDV,6.3555
8492,8429,IDN,MEX,0.0011123
8492,8482,IDN,MMR,38.811
8492,8347,IDN,MOZ,20.864
8492,33178,IDN,MTQ,0.00085558
8492,8343,IDN,MUS,118.83
8492,8483,IDN,MYS,48.215
8492,8395,IDN,NAM,0.034223
8492,8312,IDN,NCL,0.08051
8492,8474,IDN,NGA,0.10455
8492,8455,IDN,NZL,0.020448
8492,8354,IDN,OMN,1.111
8492,8359,IDN,PAK,0.0092402
8492,8322,IDN,PHL,18.311
8492,8324,IDN,PNG,1.6345
8492,33179,IDN,PRI,0.0027379
8492,8328,IDN,PRK,0.0032512
8492,8338,IDN,REU,42.095
8492,5690,IDN,RUS,0.00077002
8492,8356,IDN,SAU,0.0014545
8492,8485,IDN,SGP,0.11285
8492,8314,IDN,SLB,0.52661
8492,8390,IDN,SLE,0.0010267
8492,8350,IDN,SOM,10.648
8492,8461,IDN,SUR,0.00051335
8492,8392,IDN,TGO,0.0005989
8492,8332,IDN,THA,24.567
8492,8758,IDN,TLS,2.4946
8492,8479,IDN,TZA,10.495
8492,8456,IDN,USA,1.2307
8492,8433,IDN,VEN,0.0017112
8492,8484,IDN,VNM,15.69
8492,8313,IDN,VUT,0.097194
8492,8445,IDN,WSM,0.0098392
8492,8353,IDN,YEM,3.5477
8492,8396,IDN,ZAF,10.729
8492,8464,IDN,BRA,0.012491
8480,8360,IND,ARE,0.010096
8480,8323,IND,AUS,0.14622
8480,8481,IND,BGD,47.861
8480,26521,IND,BRN,0.0022245
8480,8334,IND,COM,0.024042
8480,5677,IND,FRA,0.10181
8480,5696,IND,GBR,0.24196
8480,8492,IND,IDN,13.311
8480,8480,IND,IND,308.74
8480,8469,IND,IRN,0.43292
8480,8349,IND,KEN,0.065965
8480,8346,IND,LKA,35.659
8480,8348,IND,MDG,0.15768
8480,8345,IND,MDV,10.254
8480,8482,IND,MMR,112.5
8480,8347,IND,MOZ,0.092745
8480,8343,IND,MUS,0.27122
8480,8483,IND,MYS,0.92779
8480,8354,IND,OMN,3.8382
8480,8359,IND,PAK,4.7213
8480,8322,IND,PHL,0.017454
8480,8338,IND,REU,0.022502
8480,8350,IND,SOM,0.59779
8480,8332,IND,THA,9.6509
8480,8758,IND,TLS,0.0012834
8480,8479,IND,TZA,0.06742
8480,8484,IND,VNM,0.028491
8480,8353,IND,YEM,1.1194
8480,8396,IND,ZAF,0.0077002
5681,5674,IRL,DNK,0.013775
5681,5696,IRL,GBR,2.1644
5681,5681,IRL,IRL,0.1937
5681,5680,IRL,ISL,0.0013689
5681,5686,IRL,NOR,0.093857
5681,5694,IRL,SWE,0.00025667
8469,8360,IRN,ARE,14.625
8469,8393,IRN,BEN,0.00051335
8469,8358,IRN,BHR,1.3644
8469,8404,IRN,BHS,0.0012834
8469,8457,IRN,BLZ,0.00025667
8469,8418,IRN,BRB,0.0023101
8469,8493,IRN,CAN,0.00025667
8469,8473,IRN,CIV,0.0025667
8469,8475,IRN,CMR,0.40469
8469,8426,IRN,COL,0.00017112
8469,8406,IRN,CUB,0.002909
8469,8409,IRN,DOM,0.0041923
8469,5677,IRN,FRA,0.0017967
8469,5696,IRN,GBR,0.015058
8469,8400,IRN,GHA,0.010866
8469,33177,IRN,GLP,0.00017112
8469,8398,IRN,GNQ,0.038929
8469,8460,IRN,GUY,0.0013689
8469,8427,IRN,HND,0.0026523
8469,8408,IRN,HTI,0.0071013
8469,8492,IRN,IDN,0.033196
8469,8480,IRN,IND,1.3728
8469,8469,IRN,IRN,32.339
8469,8470,IRN,IRQ,0.014545
8469,8459,IRN,JAM,0.0057324
8469,8357,IRN,KWT,0.57409
8469,8391,IRN,LBR,0.00042779
8469,8346,IRN,LKA,0.12603
8469,8345,IRN,MDV,0.028662
8469,8429,IRN,MEX,0.0076146
8469,8482,IRN,MMR,0.048939
8469,33178,IRN,MTQ,0.00034223
8469,8474,IRN,NGA,0.087868
8469,8425,IRN,NIC,0.00051335
8469,5668,IRN,NLD,0.00034223
8469,8354,IRN,OMN,1.4257
8469,8359,IRN,PAK,1.105
8469,33179,IRN,PRI,0.0035079
8469,8468,IRN,QAT,7.1193
8469,8356,IRN,SAU,7.0944
8469,8350,IRN,SOM,0.0022245
8469,8461,IRN,SUR,0.0014545
8469,8392,IRN,TGO,0.00034223
8469,8332,IRN,THA,0.014031
8469,8420,IRN,TTO,0.00042779
8469,8456,IRN,USA,0.022502
8469,8433,IRN,VEN,0.0047057
8469,8353,IRN,YEM,0.023272
8469,8464,IRN,BRA,0.02293
8470,8360,IRQ,ARE,0.19405
8470,8358,IRQ,BHR,0.42522
8470,8469,IRQ,IRN,0.17941
8470,8470,IRQ,IRQ,0.027977
8470,8357,IRQ,KWT,1.457
8470,8468,IRQ,QAT,1.5688
8470,8356,IRQ,SAU,2.6283
8357,8376,ISR,CYP,1.0629
8357,8490,ISR,EGY,1.0264
8357,5679,ISR,GRC,0.54594
8357,8357,ISR,ISR,2.5446
8357,8374,ISR,LBN,1.8085
8357,8372,ISR,LBY,0.034908
8357,8373,ISR,SYR,1.1648
8357,5697,ISR,TUR,1.0246
5682,5670,ITA,ALB,0.005989
5682,8378,ITA,DZA,0.11011
5682,8490,ITA,EGY,0.065195
5682,5693,ITA,ESP,0.42522
5682,5677,ITA,FRA,0.40785
5682,5679,ITA,GRC,0.13184
5682,5673,ITA,HRV,0.015914
5682,8357,ITA,ISR,0.00017112
5682,5682,ITA,ITA,3.9499
5682,8372,ITA,LBY,0.5071
5682,21790,ITA,MCO,0.00017112
5682,5685,ITA,MLT,0.10729
5682,8366,ITA,TUN,0.28516
8459,8404,JAM,BHS,0.38227
8459,8457,JAM,BLZ,0.015315
8459,8493,JAM,CAN,0.020876
8459,8426,JAM,COL,0.013946
8459,8424,JAM,CRI,0.0011978
8459,8406,JAM,CUB,1.8323
8459,5674,JAM,DNK,0.0064168
8459,8409,JAM,DOM,0.0072724
8459,5693,JAM,ESP,0.011123
8459,5696,JAM,GBR,0.83667
8459,8430,JAM,GTM,0.0067591
8459,8427,JAM,HND,0.099846
8459,8408,JAM,HTI,0.099504
8459,5681,JAM,IRL,0.009668
8459,5680,JAM,ISL,0.0063313
8459,8459,JAM,JAM,0.78756
8459,21790,JAM,MCO,0.00077002
8459,8429,JAM,MEX,0.36191
8459,8425,JAM,NIC,0.010609
8459,5686,JAM,NOR,0.0095825
8459,8423,JAM,PAN,0.062115
8459,5688,JAM,PRT,0.26643
8459,8456,JAM,USA,1.8496
8491,8393,JOR,BEN,0.00051335
8491,8418,JOR,BRB,0.00094114
8491,8473,JOR,CIV,0.0047057
8491,8475,JOR,CMR,0.35986
8491,8426,JOR,COL,0.00085558
8491,8406,JOR,CUB,0.0059035
8491,8409,JOR,DOM,0.0020534
8491,5677,JOR,FRA,0.00077002
8491,8400,JOR,GHA,0.011379
8491,8398,JOR,GNQ,0.028491
8491,8460,JOR,GUY,0.00068446
8491,8459,JOR,JAM,0.00154
8491,8391,JOR,LBR,0.00154
8491,33178,JOR,MTQ,0.0005989
8491,8474,JOR,NGA,0.14245
8491,33179,JOR,PRI,0.0025667
8491,8390,JOR,SLE,0.015914
8491,8461,JOR,SUR,0.00051335
8491,8392,JOR,TGO,0.00042779
8491,8420,JOR,TTO,8.56E-05
8491,8456,JOR,USA,0.00094114
8491,8433,JOR,VEN,0.0016256
8491,8464,JOR,BRA,0.010951
8487,8464,JPN,BRA,0.074778
8487,8393,JPN,BEN,0.007358
8487,8404,JPN,BHS,0.00025667
8487,8418,JPN,BRB,0.0060746
8487,8493,JPN,CAN,0.005989
8487,8486,JPN,CHN,0.060404
8487,8473,JPN,CIV,0.032512
8487,8475,JPN,CMR,2.0514
8487,8406,JPN,CUB,0.014203
8487,8409,JPN,DOM,0.0099247
8487,5677,JPN,FRA,0.0026523
8487,8476,JPN,GAB,0.0017967
8487,5696,JPN,GBR,0.020363
8487,8400,JPN,GHA,0.073836
8487,8472,JPN,GIN,0.053474
8487,33177,JPN,GLP,0.00042779
8487,8398,JPN,GNQ,0.26531
8487,8460,JPN,GUY,0.002909
8487,8427,JPN,HND,0.0011978
8487,8408,JPN,HTI,0.01001
8487,8459,JPN,JAM,0.004449
8487,8487,JPN,JPN,22.563
8487,8327,JPN,KOR,0.050736
8487,8391,JPN,LBR,0.053131
8487,8429,JPN,MEX,0.0024812
8487,33178,JPN,MTQ,0.0021389
8487,8474,JPN,NGA,0.74153
8487,5668,JPN,NLD,0.00025667
8487,8322,JPN,PHL,0.02755
8487,33179,JPN,PRI,0.0035079
8487,8328,JPN,PRK,0.011978
8487,5690,JPN,RUS,0.23246
8487,8390,JPN,SLE,0.033624
8487,8461,JPN,SUR,0.0027379
8487,8392,JPN,TGO,0.0053901
8487,8420,JPN,TTO,0.00085558
8487,8456,JPN,USA,2.4973
8487,8433,JPN,VEN,0.0051335
8487,8484,JPN,VNM,0.0093258
8349,8323,KEN,AUS,0.0056468
8349,8481,KEN,BGD,0.091547
8349,8334,KEN,COM,0.010695
8349,8352,KEN,DJI,0.00085558
8349,5677,KEN,FRA,0.011465
8349,5696,KEN,GBR,0.024298
8349,8492,KEN,IDN,0.87141
8349,8480,KEN,IND,2.5829
8349,8349,KEN,KEN,1.7672
8349,8346,KEN,LKA,0.66838
8349,8348,KEN,MDG,0.02524
8349,8345,KEN,MDV,1.1946
8349,8482,KEN,MMR,0.52216
8349,8347,KEN,MOZ,0.021475
8349,8343,KEN,MUS,0.030972
8349,8483,KEN,MYS,0.012149
8349,8354,KEN,OMN,0.17385
8349,8359,KEN,PAK,0.0020534
8349,8338,KEN,REU,0.0065024
8349,8356,KEN,SAU,0.031143
8349,8350,KEN,SOM,1.9732
8349,8332,KEN,THA,0.11473
8349,8479,KEN,TZA,0.23443
8349,8353,KEN,YEM,0.7435
8331,26521,KHM,BRN,0.0013689
8331,8486,KHM,CHN,0.014973
8331,8492,KHM,IDN,0.14271
8331,8487,KHM,JPN,0.005219
8331,8331,KHM,KHM,4.1341
8331,8483,KHM,MYS,0.08975
8331,8322,KHM,PHL,0.74632
8331,8324,KHM,PNG,0.00034223
8331,8332,KHM,THA,6.6179
8331,8484,KHM,VNM,5.0889
8327,8486,KOR,CHN,0.39784
8327,8487,KOR,JPN,1.4452
8327,8327,KOR,KOR,1.8203
8327,8328,KOR,PRK,0.13219
8327,5690,KOR,RUS,0.039613
8327,8456,KOR,USA,0.058436
8327,8484,KOR,VNM,0.024384
8357,8360,KWT,ARE,0.12158
8357,8358,KWT,BHR,0.18455
8357,8469,KWT,IRN,0.0077858
8357,8470,KWT,IRQ,0.00034223
8357,8357,KWT,KWT,0.65623
8357,8468,KWT,QAT,0.82854
8357,8356,KWT,SAU,1.2959
8374,8376,LBN,CYP,3.6935
8374,8490,LBN,EGY,4.1243
8374,5679,LBN,GRC,2.5927
8374,8357,LBN,ISR,2.3066
8374,8374,LBN,LBN,4.1946
8374,8372,LBN,LBY,0.093087
8374,8373,LBN,SYR,3.5077
8374,5697,LBN,TUR,4.119
8391,8393,LBR,BEN,0.55518
8391,8404,LBR,BHS,0.00094114
8391,8418,LBR,BRB,0.00034223
8391,8473,LBR,CIV,3.8612
8391,8475,LBR,CMR,1.2521
8391,8362,LBR,CPV,0.010181
8391,8409,LBR,DOM,0.00042779
8391,5677,LBR,FRA,0.0017967
8391,5696,LBR,GBR,0.0047057
8391,8400,LBR,GHA,3.4884
8391,8472,LBR,GIN,0.29278
8391,33177,LBR,GLP,0.004449
8391,8471,LBR,GNB,0.049538
8391,8398,LBR,GNQ,0.13527
8391,8391,LBR,LBR,10.781
8391,33178,LBR,MTQ,0.00017112
8391,8474,LBR,NGA,3.9384
8391,5668,LBR,NLD,0.00042779
8391,33179,LBR,PRI,0.00034223
8391,8371,LBR,SEN,0.0042779
8391,8390,LBR,SLE,3.4742
8391,8392,LBR,TGO,0.23537
8391,8464,LBR,BRA,0.0020534
8372,5670,LBY,ALB,0.0055613
8372,8376,LBY,CYP,0.02601
8372,8490,LBY,EGY,1.4336
8372,5679,LBY,GRC,0.57358
8372,5673,LBY,HRV,0.0013689
8372,8357,LBY,ISR,0.16393
8372,5682,LBY,ITA,0.45483
8372,8374,LBY,LBN,0.044576
8372,8372,LBY,LBY,30.342
8372,5685,LBY,MLT,0.60173
8372,8373,LBY,SYR,0.010866
8372,8366,LBY,TUN,4.8826
8372,5697,LBY,TUR,0.016256
8346,8464,LKA,BRA,0.23161
8346,8360,LKA,ARE,0.00025667
8346,8323,LKA,AUS,1.2852
8346,8393,LKA,BEN,0.014887
8346,8481,LKA,BGD,74.796
8346,8404,LKA,BHS,0.010609
8346,8457,LKA,BLZ,0.00051335
8346,8418,LKA,BRB,0.020021
8346,26521,LKA,BRN,0.015144
8346,8493,LKA,CAN,0.0029945
8346,8473,LKA,CIV,0.051078
8346,8475,LKA,CMR,5.4749
8346,8426,LKA,COL,0.0053046
8346,8334,LKA,COM,0.44695
8346,8362,LKA,CPV,0.00051335
8346,8406,LKA,CUB,0.072639
8346,8352,LKA,DJI,0.0014545
8346,8409,LKA,DOM,0.026266
8346,8351,LKA,ERI,0.00025667
8346,5677,LKA,FRA,1.3638
8346,8476,LKA,GAB,0.0062457
8346,5696,LKA,GBR,2.7703
8346,8400,LKA,GHA,0.18395
8346,8472,LKA,GIN,0.13912
8346,33177,LKA,GLP,0.0039357
8346,8471,LKA,GNB,0.0046201
8346,8398,LKA,GNQ,0.73511
8346,8460,LKA,GUY,0.0099247
8346,8427,LKA,HND,0.0090691
8346,8408,LKA,HTI,0.040811
8346,8492,LKA,IDN,97.684
8346,8480,LKA,IND,549.01
8346,8469,LKA,IRN,0.018737
8346,8459,LKA,JAM,0.040811
8346,8349,LKA,KEN,0.53166
8346,8391,LKA,LBR,0.067334
8346,8346,LKA,LKA,243.24
8346,8348,LKA,MDG,2.7254
8346,8345,LKA,MDV,78.521
8346,8429,LKA,MEX,0.024384
8346,8482,LKA,MMR,429.34
8346,8347,LKA,MOZ,1.6085
8346,33178,LKA,MTQ,0.0048768
8346,8343,LKA,MUS,3.044
8346,8483,LKA,MYS,6.8522
8346,8395,LKA,NAM,0.0019678
8346,8474,LKA,NGA,1.7441
8346,8425,LKA,NIC,0.0014545
8346,5668,LKA,NLD,0.0035079
8346,8354,LKA,OMN,0.7956
8346,8359,LKA,PAK,0.03602
8346,8322,LKA,PHL,0.084446
8346,33179,LKA,PRI,0.013005
8346,5688,LKA,PRT,0.0020534
8346,8338,LKA,REU,0.52995
8346,8356,LKA,SAU,0.0022245
8346,8371,LKA,SEN,0.002909
8346,8485,LKA,SGP,0.0010267
8346,8390,LKA,SLE,0.086157
8346,8350,LKA,SOM,5.5105
8346,8461,LKA,SUR,0.010267
8346,8392,LKA,TGO,0.010951
8346,8332,LKA,THA,62.623
8346,8758,LKA,TLS,0.014374
8346,8420,LKA,TTO,0.0057324
8346,8479,LKA,TZA,0.95217
8346,8456,LKA,USA,0.082991
8346,8433,LKA,VEN,0.028833
8346,8484,LKA,VNM,0.23785
8346,8353,LKA,YEM,2.4481
8346,8396,LKA,ZAF,0.33761
5684,5669,LTU,DEU,0.0094969
5684,5674,LTU,DNK,0.019593
5684,5675,LTU,EST,0.55518
5684,5676,LTU,FIN,0.1262
5684,5684,LTU,LTU,0.24743
5684,5683,LTU,LVA,0.26352
5684,5687,LTU,POL,0.067676
5684,5690,LTU,RUS,0.17522
5684,5694,LTU,SWE,0.13826
5683,5674,LVA,DNK,0.00077002
5683,5675,LVA,EST,3.4809
5683,5676,LVA,FIN,0.068703
5683,5684,LVA,LTU,0.0026523
5683,5683,LVA,LVA,1.1199
5683,5687,LVA,POL,0.0078713
5683,5690,LVA,RUS,0.027464
5683,5694,LVA,SWE,0.036619
21790,5670,MCO,ALB,0.0035079
21790,8393,MCO,BEN,0.0026523
21790,8404,MCO,BHS,0.076318
21790,8418,MCO,BRB,0.029689
21790,8493,MCO,CAN,0.00017112
21790,8473,MCO,CIV,0.011379
21790,8475,MCO,CMR,0.62962
21790,8426,MCO,COL,0.00068446
21790,8362,MCO,CPV,2.6999
21790,8406,MCO,CUB,0.002909
21790,8409,MCO,DOM,0.080852
21790,8378,MCO,DZA,21.694
21790,8490,MCO,EGY,0.11268
21790,5693,MCO,ESP,47.646
21790,5677,MCO,FRA,0.67334
21790,5696,MCO,GBR,0.46013
21790,8400,MCO,GHA,0.024641
21790,8472,MCO,GIN,0.047485
21790,33177,MCO,GLP,0.062543
21790,8370,MCO,GMB,0.0020534
21790,8471,MCO,GNB,0.020534
21790,8398,MCO,GNQ,0.096851
21790,5679,MCO,GRC,0.28012
21790,8460,MCO,GUY,0.0012834
21790,8427,MCO,HND,0.00034223
21790,5673,MCO,HRV,0.0092402
21790,8408,MCO,HTI,0.0065024
21790,8357,MCO,ISR,0.00051335
21790,5682,MCO,ITA,5.4795
21790,8459,MCO,JAM,0.0021389
21790,8391,MCO,LBR,0.037988
21790,8372,MCO,LBY,4.2259
21790,21790,MCO,MCO,57.426
21790,8429,MCO,MEX,0.00017112
21790,5685,MCO,MLT,0.95517
21790,8369,MCO,MRT,0.039185
21790,33178,MCO,MTQ,0.016598
21790,8474,MCO,NGA,0.22065
21790,5668,MCO,NLD,0.0050479
21790,33179,MCO,PRI,0.065537
21790,5688,MCO,PRT,13.149
21790,8371,MCO,SEN,0.011893
21790,8390,MCO,SLE,0.072382
21790,8461,MCO,SUR,0.0012834
21790,8392,MCO,TGO,0.0012834
21790,8420,MCO,TTO,0.0011123
21790,8366,MCO,TUN,8.4913
21790,8456,MCO,USA,0.035678
21790,8433,MCO,VEN,0.018823
21790,8464,MCO,BRA,0.0069302
8348,8323,MDG,AUS,0.0023101
8348,8393,MDG,BEN,0.0019678
8348,8418,MDG,BRB,0.0032512
8348,8473,MDG,CIV,0.0067591
8348,8475,MDG,CMR,0.36559
8348,8426,MDG,COL,0.0017112
8348,8334,MDG,COM,0.064511
8348,8362,MDG,CPV,0.00042779
8348,8352,MDG,DJI,8.56E-05
8348,8409,MDG,DOM,0.01617
8348,8351,MDG,ERI,8.56E-05
8348,5677,MDG,FRA,0.25197
8348,8476,MDG,GAB,0.00068446
8348,5696,MDG,GBR,0.0028234
8348,8400,MDG,GHA,0.016427
8348,8472,MDG,GIN,0.042693
8348,33177,MDG,GLP,0.00034223
8348,8471,MDG,GNB,0.0011978
8348,8398,MDG,GNQ,0.046116
8348,8460,MDG,GUY,0.00051335
8348,8427,MDG,HND,0.00085558
8348,8408,MDG,HTI,8.56E-05
8348,8492,MDG,IDN,0.025582
8348,8480,MDG,IND,0.11773
8348,8459,MDG,JAM,0.00068446
8348,8349,MDG,KEN,0.060746
8348,8391,MDG,LBR,0.0017967
8348,8346,MDG,LKA,0.031571
8348,8348,MDG,MDG,1.6805
8348,8345,MDG,MDV,0.05604
8348,8482,MDG,MMR,0.011893
8348,8347,MDG,MOZ,0.70371
8348,33178,MDG,MTQ,0.00034223
8348,8343,MDG,MUS,0.0041923
8348,8483,MDG,MYS,0.0043634
8348,8395,MDG,NAM,0.0075291
8348,8474,MDG,NGA,0.15811
8348,8425,MDG,NIC,0.0087269
8348,5668,MDG,NLD,0.00042779
8348,8354,MDG,OMN,0.030287
8348,33179,MDG,PRI,0.00077002
8348,8338,MDG,REU,0.0055613
8348,8371,MDG,SEN,0.0011123
8348,8390,MDG,SLE,0.0023101
8348,8350,MDG,SOM,0.13484
8348,8461,MDG,SUR,0.0019678
8348,8392,MDG,TGO,0.00077002
8348,8332,MDG,THA,0.012064
8348,8420,MDG,TTO,8.56E-05
8348,8479,MDG,TZA,0.23982
8348,8433,MDG,VEN,0.0035079
8348,8353,MDG,YEM,0.087269
8348,8396,MDG,ZAF,0.48306
8348,8464,MDG,BRA,0.010352
8345,8323,MDV,AUS,0.073751
8345,8481,MDV,BGD,0.56203
8345,26521,MDV,BRN,0.00077002
8345,8334,MDV,COM,0.054329
8345,5677,MDV,FRA,0.16863
8345,5696,MDV,GBR,0.13022
8345,8492,MDV,IDN,4.217
8345,8480,MDV,IND,5.4375
8345,8349,MDV,KEN,0.062885
8345,8346,MDV,LKA,1.527
8345,8348,MDV,MDG,0.31237
8345,8345,MDV,MDV,2.0198
8345,8482,MDV,MMR,3.2125
8345,8347,MDV,MOZ,0.20611
8345,8343,MDV,MUS,0.23905
8345,8483,MDV,MYS,0.11003
8345,8395,MDV,NAM,8.56E-05
8345,8354,MDV,OMN,0.025924
8345,8322,MDV,PHL,0.0039357
8345,8338,MDV,REU,0.068361
8345,8350,MDV,SOM,0.27199
8345,8332,MDV,THA,0.7761
8345,8758,MDV,TLS,0.00154
8345,8479,MDV,TZA,0.14553
8345,8484,MDV,VNM,0.020277
8345,8353,MDV,YEM,0.109
8345,8396,MDV,ZAF,0.069387
8429,8404,MEX,BHS,0.042522
8429,8493,MEX,CAN,0.0064168
8429,8426,MEX,COL,0.50282
8429,8424,MEX,CRI,0.3507
8429,8406,MEX,CUB,0.014545
8429,8431,MEX,ECU,0.024555
8429,5677,MEX,FRA,0.71535
8429,5696,MEX,GBR,0.042009
8429,8430,MEX,GTM,0.13321
8429,8429,MEX,MEX,22.957
8429,8425,MEX,NIC,0.013775
8429,8423,MEX,PAN,0.1588
8429,5688,MEX,PRT,0.013261
8429,8428,MEX,SLV,0.047741
8429,8456,MEX,USA,16.525
5685,5670,MLT,ALB,0.0034223
5685,8490,MLT,EGY,0.14716
5685,5679,MLT,GRC,0.16393
5685,5673,MLT,HRV,0.041752
5685,8357,MLT,ISR,0.0094969
5685,5682,MLT,ITA,0.21081
5685,8372,MLT,LBY,1.2478
5685,5685,MLT,MLT,0.23973
5685,8366,MLT,TUN,0.060489
8482,8323,MMR,AUS,0.014203
8482,8481,MMR,BGD,42.169
8482,26521,MMR,BRN,0.00094114
8482,8486,MMR,CHN,0.0026523
8482,8334,MMR,COM,0.0034223
8482,5677,MMR,FRA,0.0083847
8482,5696,MMR,GBR,0.019336
8482,8492,MMR,IDN,1.7307
8482,8480,MMR,IND,115.76
8482,8349,MMR,KEN,0.00025667
8482,8331,MMR,KHM,0.41205
8482,8346,MMR,LKA,2.991
8482,8348,MMR,MDG,0.0047912
8482,8345,MMR,MDV,0.22733
8482,8482,MMR,MMR,253.7
8482,8347,MMR,MOZ,0.00051335
8482,8343,MMR,MUS,0.014374
8482,8483,MMR,MYS,0.346
8482,8322,MMR,PHL,0.38732
8482,8338,MMR,REU,0.0021389
8482,8350,MMR,SOM,0.00042779
8482,8332,MMR,THA,7.8509
8482,8479,MMR,TZA,0.0035079
8482,8484,MMR,VNM,0.92505
8347,8323,MOZ,AUS,0.013518
8347,8334,MOZ,COM,0.018994
8347,5677,MOZ,FRA,0.65734
8347,5696,MOZ,GBR,0.0043634
8347,8492,MOZ,IDN,0.0022245
8347,8480,MOZ,IND,0.077515
8347,8469,MOZ,IRN,8.56E-05
8347,8349,MOZ,KEN,0.040469
8347,8346,MOZ,LKA,0.022758
8347,8348,MOZ,MDG,0.4313
8347,8345,MOZ,MDV,0.055784
8347,8482,MOZ,MMR,0.0089836
8347,8347,MOZ,MOZ,11.467
8347,8395,MOZ,NAM,0.035335
8347,8354,MOZ,OMN,0.0099247
8347,8359,MOZ,PAK,0.0053901
8347,8338,MOZ,REU,0.0051335
8347,8350,MOZ,SOM,0.086242
8347,8479,MOZ,TZA,0.079825
8347,8353,MOZ,YEM,0.037988
8347,8396,MOZ,ZAF,2.8445
8369,8393,MRT,BEN,0.0045346
8369,8404,MRT,BHS,0.029603
8369,8418,MRT,BRB,0.050051
8369,8473,MRT,CIV,0.0084702
8369,8426,MRT,COL,0.0014545
8369,8362,MRT,CPV,0.90623
8369,8406,MRT,CUB,0.010695
8369,8409,MRT,DOM,0.054158
8369,5677,MRT,FRA,0.014973
8369,5696,MRT,GBR,0.18198
8369,8400,MRT,GHA,0.019165
8369,8472,MRT,GIN,0.28859
8369,33177,MRT,GLP,0.050907
8369,8370,MRT,GMB,0.060746
8369,8471,MRT,GNB,0.2808
8369,8460,MRT,GUY,0.0023956
8369,8408,MRT,HTI,0.021475
8369,8459,MRT,JAM,0.0078713
8369,8391,MRT,LBR,0.050137
8369,21790,MRT,MCO,0.00077002
8369,8369,MRT,MRT,0.6499
8369,33178,MRT,MTQ,0.020705
8369,8474,MRT,NGA,0.044148
8369,5668,MRT,NLD,0.0067591
8369,33179,MRT,PRI,0.055185
8369,8371,MRT,SEN,0.62372
8369,8390,MRT,SLE,0.12911
8369,8461,MRT,SUR,0.0023956
8369,8392,MRT,TGO,0.0012834
8369,8420,MRT,TTO,0.0032512
8369,8456,MRT,USA,0.023956
8369,8433,MRT,VEN,0.023956
8369,8464,MRT,BRA,0.010438
8343,8323,MUS,AUS,0.0079569
8343,8334,MUS,COM,0.013775
8343,5677,MUS,FRA,0.7322
8343,5696,MUS,GBR,0.0012834
8343,8492,MUS,IDN,0.00025667
8343,8480,MUS,IND,0.015657
8343,8349,MUS,KEN,0.020791
8343,8346,MUS,LKA,0.0013689
8343,8348,MUS,MDG,6.3865
8343,8345,MUS,MDV,0.011379
8343,8347,MUS,MOZ,0.84488
8343,8343,MUS,MUS,2.1337
8343,8395,MUS,NAM,0.017283
8343,8354,MUS,OMN,0.0041923
8343,8338,MUS,REU,5.0476
8343,8350,MUS,SOM,0.042779
8343,8479,MUS,TZA,0.030715
8343,8353,MUS,YEM,0.011893
8343,8396,MUS,ZAF,1.835
8483,8323,MYS,AUS,1.6821
8483,8481,MYS,BGD,16.725
8483,26521,MYS,BRN,1.8702
8483,8486,MYS,CHN,2.6443
8483,8334,MYS,COM,0.04834
8483,8325,MYS,FJI,0.015315
8483,5677,MYS,FRA,0.2565
8483,5696,MYS,GBR,0.28884
8483,8492,MYS,IDN,158.31
8483,8480,MYS,IND,120.33
8483,8469,MYS,IRN,0.0040212
8483,8487,MYS,JPN,1.2846
8483,8349,MYS,KEN,0.012491
8483,8331,MYS,KHM,1.1697
8483,8327,MYS,KOR,0.17856
8483,8346,MYS,LKA,20.065
8483,8348,MYS,MDG,0.28602
8483,8345,MYS,MDV,5.0238
8483,8482,MYS,MMR,135.62
8483,8347,MYS,MOZ,0.075291
8483,8343,MYS,MUS,0.66863
8483,8483,MYS,MYS,178.28
8483,8312,MYS,NCL,0.023443
8483,8455,MYS,NZL,0.00034223
8483,8354,MYS,OMN,0.055185
8483,8359,MYS,PAK,0.0066735
8483,8322,MYS,PHL,42.037
8483,8324,MYS,PNG,0.68113
8483,8328,MYS,PRK,0.0035079
8483,8338,MYS,REU,0.061259
8483,5690,MYS,RUS,0.00077002
8483,8485,MYS,SGP,0.24418
8483,8314,MYS,SLB,0.16821
8483,8350,MYS,SOM,0.40272
8483,8332,MYS,THA,90.588
8483,8758,MYS,TLS,0.05527
8483,8479,MYS,TZA,0.03833
8483,8456,MYS,USA,0.09514
8483,8484,MYS,VNM,22.484
8483,8313,MYS,VUT,0.025068
8483,8353,MYS,YEM,0.15024
8483,8396,MYS,ZAF,0.018908
8395,8478,NAM,AGO,0.094285
8395,8464,NAM,BRA,0.10626
8395,8466,NAM,ARG,0.00094114
8395,8418,NAM,BRB,0.0013689
8395,8473,NAM,CIV,0.0090691
8395,8475,NAM,CMR,0.0043634
8395,5677,NAM,FRA,0.0017112
8395,8476,NAM,GAB,0.0027379
8395,5696,NAM,GBR,0.10113
8395,8400,NAM,GHA,0.0051335
8395,8398,NAM,GNQ,0.0061602
8395,8460,NAM,GUY,0.0019678
8395,8391,NAM,LBR,0.0017967
8395,33178,NAM,MTQ,0.00094114
8395,8395,NAM,NAM,0.23794
8395,8461,NAM,SUR,0.0017112
8395,8467,NAM,URY,0.00034223
8395,8433,NAM,VEN,0.0012834
8474,8393,NGA,BEN,0.82392
8474,8473,NGA,CIV,0.064596
8474,8475,NGA,CMR,180.1
8474,8476,NGA,GAB,0.00051335
8474,8400,NGA,GHA,0.80698
8474,8398,NGA,GNQ,16.334
8474,8474,NGA,NGA,155.95
8474,8392,NGA,TGO,0.202
8425,8404,NIC,BHS,0.0041068
8425,8457,NIC,BLZ,0.016513
8425,8493,NIC,CAN,0.0012834
8425,8426,NIC,COL,4.0331
8425,8424,NIC,CRI,3.552
8425,8406,NIC,CUB,0.010524
8425,8431,NIC,ECU,0.24495
8425,5677,NIC,FRA,4.0697
8425,5696,NIC,GBR,0.031057
8425,8430,NIC,GTM,4.819
8425,8427,NIC,HND,0.10335
8425,8459,NIC,JAM,0.017882
8425,8429,NIC,MEX,14.021
8425,8425,NIC,NIC,4.0232
8425,8455,NIC,NZL,0.0041068
8425,8423,NIC,PAN,2.8274
8425,8440,NIC,PYF,0.0047912
8425,8428,NIC,SLV,5.0237
8425,8456,NIC,USA,2.8243
5668,3293,NLD,BEL,0.049025
5668,5669,NLD,DEU,2.1242
5668,5674,NLD,DNK,3.3774
5668,5677,NLD,FRA,0.042693
5668,5696,NLD,GBR,0.69755
5668,5680,NLD,ISL,0.0018823
5668,5668,NLD,NLD,1.1831
5668,5686,NLD,NOR,8.3273
5668,5690,NLD,RUS,0.11952
5668,5694,NLD,SWE,2.0231
5686,5674,NOR,DNK,0.006588
5686,5696,NOR,GBR,0.0012834
5686,5680,NOR,ISL,0.0017112
5686,5686,NOR,NOR,0.55433
5686,5690,NOR,RUS,0.039442
8455,8323,NZL,AUS,0.024384
8455,8325,NZL,FJI,0.00017112
8455,8312,NZL,NCL,0.013347
8455,8455,NZL,NZL,2.3224
8354,8360,OMN,ARE,0.078029
8354,8492,OMN,IDN,0.0019678
8354,8480,OMN,IND,0.32974
8354,8469,OMN,IRN,0.18943
8354,8346,OMN,LKA,0.027806
8354,8345,OMN,MDV,0.0056468
8354,8482,OMN,MMR,0.0038501
8354,8354,OMN,OMN,0.25368
8354,8359,OMN,PAK,0.13484
8354,8350,OMN,SOM,0.0005989
8354,8353,OMN,YEM,0.0098392
8359,8360,PAK,ARE,0.19088
8359,8323,PAK,AUS,0.005989
8359,8481,PAK,BGD,0.34702
8359,8334,PAK,COM,0.00051335
8359,8352,PAK,DJI,8.56E-05
8359,5677,PAK,FRA,0.00051335
8359,8492,PAK,IDN,1.7638
8359,8480,PAK,IND,173.98
8359,8469,PAK,IRN,3.1289
8359,8349,PAK,KEN,0.0045346
8359,8346,PAK,LKA,7.0891
8359,8348,PAK,MDG,0.00051335
8359,8345,PAK,MDV,1.2781
8359,8482,PAK,MMR,1.9867
8359,8347,PAK,MOZ,0.003679
8359,8343,PAK,MUS,0.007358
8359,8483,PAK,MYS,0.057067
8359,8354,PAK,OMN,6.0651
8359,8359,PAK,PAK,180.24
8359,8322,PAK,PHL,0.0018823
8359,8468,PAK,QAT,0.011123
8359,8338,PAK,REU,0.0013689
8359,8356,PAK,SAU,0.0013689
8359,8350,PAK,SOM,0.036448
8359,8332,PAK,THA,1.2907
8359,8479,PAK,TZA,0.0023101
8359,8484,PAK,VNM,0.0035934
8359,8353,PAK,YEM,0.3122
8423,8404,PAN,BHS,0.039014
8423,8457,PAN,BLZ,0.050051
8423,8493,PAN,CAN,0.0031656
8423,8426,PAN,COL,6.0998
8423,8424,PAN,CRI,2.0565
8423,8406,PAN,CUB,0.023614
8423,8431,PAN,ECU,0.48682
8423,8325,PAN,FJI,0.00017112
8423,5677,PAN,FRA,0.15127
8423,5696,PAN,GBR,0.028747
8423,8430,PAN,GTM,0.11533
8423,8427,PAN,HND,0.16384
8423,8459,PAN,JAM,0.0064168
8423,8429,PAN,MEX,0.6629
8423,8425,PAN,NIC,0.31537
8423,8455,PAN,NZL,0.045346
8423,8423,PAN,PAN,5.5863
8423,8432,PAN,PER,0.0011123
8423,5688,PAN,PRT,0.035678
8423,8440,PAN,PYF,0.18267
8423,8428,PAN,SLV,0.063741
8423,8456,PAN,USA,0.53277
8432,8323,PER,AUS,0.0088125
8432,8465,PER,CHL,0.63544
8432,8426,PER,COL,5.4594
8432,8424,PER,CRI,0.85609
8432,8431,PER,ECU,10.078
8432,8325,PER,FJI,0.13398
8432,5677,PER,FRA,0.31023
8432,5696,PER,GBR,5.5988
8432,8430,PER,GTM,0.0048768
8432,8492,PER,IDN,0.00025667
8432,8487,PER,JPN,0.0026523
8432,8429,PER,MEX,0.079398
8432,8312,PER,NCL,0.020277
8432,8425,PER,NIC,0.0083847
8432,8455,PER,NZL,1.5001
8432,8423,PER,PAN,0.21997
8432,8432,PER,PER,54.827
8432,8324,PER,PNG,0.0022245
8432,8440,PER,PYF,14.41
8432,8314,PER,SLB,0.018138
8432,8428,PER,SLV,0.012663
8432,8456,PER,USA,0.90469
8432,8313,PER,VUT,0.025667
8432,8445,PER,WSM,0.048511
8322,8323,PHL,AUS,4.1962
8322,8481,PHL,BGD,0.019079
8322,26521,PHL,BRN,2.2515
8322,8486,PHL,CHN,75.288
8322,8334,PHL,COM,0.014117
8322,8325,PHL,FJI,0.14271
8322,5677,PHL,FRA,0.16016
8322,5696,PHL,GBR,0.096424
8322,8492,PHL,IDN,275.5
8322,8480,PHL,IND,3.4796
8322,8487,PHL,JPN,75.076
8322,8331,PHL,KHM,5.1437
8322,8327,PHL,KOR,6.8436
8322,8346,PHL,LKA,0.22125
8322,8348,PHL,MDG,0.18438
8322,8345,PHL,MDV,0.02678
8322,8482,PHL,MMR,4.511
8322,8347,PHL,MOZ,0.017368
8322,8343,PHL,MUS,1.5606
8322,8483,PHL,MYS,120.77
8322,8312,PHL,NCL,0.25761
8322,8455,PHL,NZL,0.028234
8322,8322,PHL,PHL,597.93
8322,8324,PHL,PNG,4.2718
8322,8328,PHL,PRK,0.26146
8322,8338,PHL,REU,0.21004
8322,5690,PHL,RUS,0.17574
8322,8485,PHL,SGP,0.2488
8322,8314,PHL,SLB,1.053
8322,8332,PHL,THA,21.717
8322,8758,PHL,TLS,0.096167
8322,8479,PHL,TZA,0.0041068
8322,8456,PHL,USA,3.577
8322,8484,PHL,VNM,124.88
8322,8313,PHL,VUT,0.24564
8322,8445,PHL,WSM,0.0078713
8322,8396,PHL,ZAF,0.0038501
8324,8323,PNG,AUS,4.8078
8324,8393,PNG,BEN,0.0035934
8324,8486,PNG,CHN,0.039271
8324,8473,PNG,CIV,0.017026
8324,8475,PNG,CMR,0.054586
8324,8325,PNG,FJI,0.39374
8324,5677,PNG,FRA,0.088552
8324,8400,PNG,GHA,0.014716
8324,8398,PNG,GNQ,0.033196
8324,8492,PNG,IDN,5.503
8324,8487,PNG,JPN,0.22938
8324,8327,PNG,KOR,0.023871
8324,8391,PNG,LBR,0.0080424
8324,8348,PNG,MDG,0.016684
8324,8343,PNG,MUS,0.020106
8324,8483,PNG,MYS,0.015828
8324,8312,PNG,NCL,0.79372
8324,8474,PNG,NGA,0.10455
8324,8455,PNG,NZL,0.059292
8324,8322,PNG,PHL,0.31117
8324,8324,PNG,PNG,17.624
8324,8338,PNG,REU,0.017796
8324,8314,PNG,SLB,3.0351
8324,8390,PNG,SLE,0.00034223
8324,8392,PNG,TGO,0.0030801
8324,8758,PNG,TLS,0.10301
8324,8456,PNG,USA,0.15503
8324,8484,PNG,VNM,0.003679
8324,8313,PNG,VUT,0.66273
8324,8445,PNG,WSM,0.023614
5687,5669,POL,DEU,0.010267
5687,5674,POL,DNK,0.048682
5687,5675,POL,EST,1.749
5687,5676,POL,FIN,0.38527
5687,5684,POL,LTU,0.59882
5687,5683,POL,LVA,0.90726
5687,5687,POL,POL,0.72536
5687,5690,POL,RUS,0.92488
5687,5694,POL,SWE,0.38895
33179,8404,PRI,BHS,2.361
33179,8457,PRI,BLZ,0.0039357
33179,8493,PRI,CAN,0.047912
33179,8426,PRI,COL,0.01155
33179,8406,PRI,CUB,0.49778
33179,8409,PRI,DOM,1.5126
33179,5696,PRI,GBR,1.9367
33179,8427,PRI,HND,0.0314
33179,8408,PRI,HTI,0.65409
33179,8459,PRI,JAM,0.16889
33179,8429,PRI,MEX,0.11465
33179,8425,PRI,NIC,0.0058179
33179,5668,PRI,NLD,0.0035934
33179,33179,PRI,PRI,0.73939
33179,5688,PRI,PRT,0.10181
33179,8456,PRI,USA,0.81896
33179,8433,PRI,VEN,0.011807
8328,26521,PRK,BRN,0.00025667
8328,8486,PRK,CHN,33.898
8328,8492,PRK,IDN,0.01078
8328,8487,PRK,JPN,71.217
8328,8331,PRK,KHM,0.0018823
8328,8327,PRK,KOR,59.537
8328,8483,PRK,MYS,0.01771
8328,8322,PRK,PHL,0.083761
8328,8328,PRK,PRK,52.816
8328,5690,PRK,RUS,7.6939
8328,8332,PRK,THA,0.01386
8328,8456,PRK,USA,0.52498
8328,8484,PRK,VNM,0.35866
5688,5670,PRT,ALB,0.00085558
5688,3293,PRT,BEL,0.00025667
5688,8362,PRT,CPV,0.017197
5688,5669,PRT,DEU,0.0014545
5688,5674,PRT,DNK,0.00085558
5688,8378,PRT,DZA,0.063912
5688,5693,PRT,ESP,2.7602
5688,5677,PRT,FRA,1.5895
5688,5696,PRT,GBR,0.077088
5688,5679,PRT,GRC,0.003679
5688,5681,PRT,IRL,0.012149
5688,5682,PRT,ITA,0.019165
5688,8372,PRT,LBY,0.0031656
5688,21790,PRT,MCO,0.58932
5688,5685,PRT,MLT,0.0090691
5688,5668,PRT,NLD,0.0060746
5688,5688,PRT,PRT,3.7071
5688,8366,PRT,TUN,0.036961
5690,5672,RUS,BGR,0.98597
5690,5669,RUS,DEU,0.0047057
5690,5674,RUS,DNK,0.023614
5690,5675,RUS,EST,1.1725
5690,5676,RUS,FIN,0.81357
5690,5678,RUS,GEO,0.34078
5690,8487,RUS,JPN,4.7307
5690,8327,RUS,KOR,0.23648
5690,5684,RUS,LTU,0.62337
5690,5683,RUS,LVA,0.57435
5690,5686,RUS,NOR,0.12551
5690,5687,RUS,POL,0.24102
5690,8328,RUS,PRK,0.89485
5690,5689,RUS,ROU,0.3045
5690,5690,RUS,RUS,26.01
5690,5694,RUS,SWE,0.31973
5690,5697,RUS,TUR,3.4852
5690,5695,RUS,UKR,1.6014
5690,8456,RUS,USA,0.25736
8356,8360,SAU,ARE,0.040383
8356,8358,SAU,BHR,0.19208
8356,8352,SAU,DJI,0.00042779
8356,8490,SAU,EGY,0.0097536
8356,8351,SAU,ERI,0.48511
8356,8357,SAU,KWT,0.043207
8356,8468,SAU,QAT,1.5546
8356,8356,SAU,SAU,6.6588
8356,8355,SAU,SDN,0.32153
8356,8350,SAU,SOM,0.0021389
8356,8353,SAU,YEM,1.6934
8355,8352,SDN,DJI,0.0028234
8355,8490,SDN,EGY,0.076232
8355,8351,SDN,ERI,5.3567
8355,8356,SDN,SAU,2.3268
8355,8355,SDN,SDN,3.7562
8355,8350,SDN,SOM,0.00025667
8355,8353,SDN,YEM,0.18292
8371,8464,SEN,BRA,0.19901
8371,8393,SEN,BEN,0.13475
8371,8404,SEN,BHS,0.59677
8371,8457,SEN,BLZ,0.0033368
8371,8418,SEN,BRB,0.91316
8371,8493,SEN,CAN,0.010096
8371,8473,SEN,CIV,1.2315
8371,8475,SEN,CMR,0.16709
8371,8426,SEN,COL,0.068275
8371,8362,SEN,CPV,12.525
8371,8424,SEN,CRI,0.00042779
8371,8406,SEN,CUB,0.29997
8371,8409,SEN,DOM,1.0623
8371,5677,SEN,FRA,0.1339
8371,5696,SEN,GBR,2.7012
8371,8400,SEN,GHA,0.89459
8371,8472,SEN,GIN,18.615
8371,33177,SEN,GLP,0.84095
8371,8370,SEN,GMB,4.0759
8371,8471,SEN,GNB,44.574
8371,8398,SEN,GNQ,0.020106
8371,8460,SEN,GUY,0.060575
8371,8427,SEN,HND,0.045089
8371,8408,SEN,HTI,0.43917
8371,8459,SEN,JAM,0.21004
8371,8391,SEN,LBR,3.288
8371,21790,SEN,MCO,0.014459
8371,8429,SEN,MEX,0.055955
8371,8369,SEN,MRT,1.8164
8371,33178,SEN,MTQ,0.26531
8371,8474,SEN,NGA,1.0808
8371,8425,SEN,NIC,0.0099247
8371,5668,SEN,NLD,0.12474
8371,8423,SEN,PAN,0.0024812
8371,33179,SEN,PRI,1.0397
8371,5688,SEN,PRT,0.0066735
8371,8371,SEN,SEN,19.798
8371,8390,SEN,SLE,6.3309
8371,8461,SEN,SUR,0.046971
8371,8392,SEN,TGO,0.061003
8371,8420,SEN,TTO,0.061516
8371,8456,SEN,USA,0.52755
8371,8433,SEN,VEN,0.60421
8485,8323,SGP,AUS,0.006588
8485,8481,SGP,BGD,0.084617
8485,26521,SGP,BRN,0.00025667
8485,8486,SGP,CHN,0.00017112
8485,5677,SGP,FRA,0.0025667
8485,5696,SGP,GBR,0.0013689
8485,8492,SGP,IDN,1.4312
8485,8480,SGP,IND,0.64767
8485,8346,SGP,LKA,0.093429
8485,8348,SGP,MDG,0.0037645
8485,8345,SGP,MDV,0.019165
8485,8482,SGP,MMR,0.92531
8485,8343,SGP,MUS,0.0088125
8485,8483,SGP,MYS,2.1994
8485,8322,SGP,PHL,0.059035
8485,8485,SGP,SGP,0.016085
8485,8332,SGP,THA,0.44037
8485,8484,SGP,VNM,0.028833
8314,8323,SLB,AUS,1.6407
8314,8325,SLB,FJI,0.17728
8314,5677,SLB,FRA,0.013946
8314,8492,SLB,IDN,0.44695
8314,8487,SLB,JPN,0.011893
8314,8343,SLB,MUS,0.0049624
8314,8312,SLB,NCL,0.30664
8314,8455,SLB,NZL,0.052618
8314,8322,SLB,PHL,0.003679
8314,8324,SLB,PNG,1.6375
8314,8314,SLB,SLB,1.3108
8314,8758,SLB,TLS,0.0049624
8314,8456,SLB,USA,0.0017112
8314,8313,SLB,VUT,0.24512
8390,8464,SLE,BRA,0.01771
8390,8393,SLE,BEN,0.059377
8390,8404,SLE,BHS,0.026181
8390,8418,SLE,BRB,0.024812
8390,8473,SLE,CIV,0.44482
8390,8475,SLE,CMR,0.053217
8390,8426,SLE,COL,0.00025667
8390,8362,SLE,CPV,0.17933
8390,8406,SLE,CUB,0.0020534
8390,8409,SLE,DOM,0.025068
8390,5677,SLE,FRA,0.0059035
8390,5696,SLE,GBR,0.047228
8390,8400,SLE,GHA,0.33889
8390,8472,SLE,GIN,4.3362
8390,33177,SLE,GLP,0.022844
8390,8370,SLE,GMB,0.0094114
8390,8471,SLE,GNB,0.25428
8390,8398,SLE,GNQ,0.0053901
8390,8460,SLE,GUY,0.0033368
8390,8427,SLE,HND,0.0012834
8390,8408,SLE,HTI,0.0051335
8390,8459,SLE,JAM,0.0037645
8390,8391,SLE,LBR,2.2594
8390,8369,SLE,MRT,8.56E-05
8390,33178,SLE,MTQ,0.0055613
8390,8474,SLE,NGA,0.30262
8390,5668,SLE,NLD,0.0017967
8390,33179,SLE,PRI,0.026181
8390,8371,SLE,SEN,0.090862
8390,8390,SLE,SLE,7.2006
8390,8461,SLE,SUR,0.0029945
8390,8392,SLE,TGO,0.023101
8390,8420,SLE,TTO,0.0017112
8390,8456,SLE,USA,0.0061602
8390,8433,SLE,VEN,0.019336
8428,8426,SLV,COL,4.614
8428,8424,SLV,CRI,4.335
8428,8431,SLV,ECU,0.27584
8428,5677,SLV,FRA,6.1475
8428,8430,SLV,GTM,10.301
8428,8427,SLV,HND,0.026523
8428,8429,SLV,MEX,25.423
8428,8425,SLV,NIC,2.2728
8428,8455,SLV,NZL,0.0083847
8428,8423,SLV,PAN,1.9994
8428,8440,SLV,PYF,0.038843
8428,8428,SLV,SLV,12.151
8428,8456,SLV,USA,3.9915
8350,8323,SOM,AUS,0.11841
8350,8481,SOM,BGD,0.3489
8350,26521,SOM,BRN,8.56E-05
8350,8475,SOM,CMR,0.053901
8350,8334,SOM,COM,0.030972
8350,8352,SOM,DJI,0.21466
8350,8351,SOM,ERI,0.024983
8350,5677,SOM,FRA,0.056639
8350,5696,SOM,GBR,0.094798
8350,8472,SOM,GIN,0.0154
8350,8398,SOM,GNQ,0.01694
8350,8492,SOM,IDN,4.6972
8350,8480,SOM,IND,11.555
8350,8469,SOM,IRN,0.006588
8350,8349,SOM,KEN,4.038
8350,8391,SOM,LBR,0.010352
8350,8346,SOM,LKA,3.2977
8350,8348,SOM,MDG,0.090264
8350,8345,SOM,MDV,5.2747
8350,8482,SOM,MMR,2.4486
8350,8347,SOM,MOZ,0.10267
8350,8343,SOM,MUS,0.1617
8350,8483,SOM,MYS,0.099589
8350,8474,SOM,NGA,0.00068446
8350,8354,SOM,OMN,1.2415
8350,8359,SOM,PAK,0.046287
8350,8322,SOM,PHL,0.00042779
8350,8338,SOM,REU,0.017882
8350,8356,SOM,SAU,0.20474
8350,8355,SOM,SDN,0.00068446
8350,8390,SOM,SLE,0.0059035
8350,8350,SOM,SOM,9.0308
8350,8332,SOM,THA,0.79064
8350,8479,SOM,TZA,0.43575
8350,8484,SOM,VNM,0.040127
8350,8353,SOM,YEM,3.8523
8350,8396,SOM,ZAF,0.0027379
8461,8404,SUR,BHS,0.041068
8461,8457,SUR,BLZ,0.00051335
8461,8418,SUR,BRB,0.0010267
8461,8493,SUR,CAN,0.0011978
8461,8426,SUR,COL,0.0078713
8461,8406,SUR,CUB,0.10549
8461,8409,SUR,DOM,0.069131
8461,5696,SUR,GBR,0.074264
8461,33177,SUR,GLP,8.56E-05
8461,8460,SUR,GUY,0.22835
8461,8427,SUR,HND,0.014716
8461,8408,SUR,HTI,0.065195
8461,8459,SUR,JAM,0.057495
8461,8429,SUR,MEX,0.062201
8461,33178,SUR,MTQ,0.00017112
8461,8425,SUR,NIC,0.0017967
8461,5668,SUR,NLD,0.0053901
8461,33179,SUR,PRI,0.01617
8461,8461,SUR,SUR,0.060062
8461,8420,SUR,TTO,0.0314
8461,8456,SUR,USA,0.26762
8461,8433,SUR,VEN,0.62953
5692,5670,SVN,ALB,0.0021389
5692,5679,SVN,GRC,0.00017112
5692,5673,SVN,HRV,0.11174
5692,5682,SVN,ITA,0.33949
5692,5692,SVN,SVN,0.00068446
8373,8376,SYR,CYP,15.665
8373,8490,SYR,EGY,21.548
8373,5679,SYR,GRC,15.287
8373,8357,SYR,ISR,9.3466
8373,8374,SYR,LBN,7.3065
8373,8372,SYR,LBY,0.54004
8373,8373,SYR,SYR,12.437
8373,5697,SYR,TUR,28.023
8392,8393,TGO,BEN,0.50924
8392,8473,TGO,CIV,0.014117
8392,8475,TGO,CMR,0.15657
8392,8400,TGO,GHA,0.39194
8392,8398,TGO,GNQ,0.016427
8392,8474,TGO,NGA,4.9744
8392,8392,TGO,TGO,0.20756
8332,8323,THA,AUS,0.77173
8332,8481,THA,BGD,5.0829
8332,26521,THA,BRN,0.38818
8332,8486,THA,CHN,1.5842
8332,8334,THA,COM,0.0095825
8332,5677,THA,FRA,0.053816
8332,5696,THA,GBR,0.059463
8332,8492,THA,IDN,48.17
8332,8480,THA,IND,30.814
8332,8487,THA,JPN,0.56879
8332,8349,THA,KEN,0.00085558
8332,8331,THA,KHM,34.377
8332,8327,THA,KOR,0.043378
8332,8346,THA,LKA,4.1715
8332,8348,THA,MDG,0.066564
8332,8345,THA,MDV,0.94328
8332,8482,THA,MMR,35.087
8332,8347,THA,MOZ,0.0098392
8332,8343,THA,MUS,0.16786
8332,8483,THA,MYS,21.788
8332,8354,THA,OMN,0.0031656
8332,8322,THA,PHL,57.002
8332,8324,THA,PNG,0.02909
8332,8328,THA,PRK,0.0005989
8332,8338,THA,REU,0.033966
8332,8485,THA,SGP,0.02909
8332,8350,THA,SOM,0.043549
8332,8332,THA,THA,418.95
8332,8758,THA,TLS,0.053559
8332,8479,THA,TZA,0.0059035
8332,8456,THA,USA,0.011037
8332,8484,THA,VNM,114.62
8332,8353,THA,YEM,0.014117
8758,8323,TLS,AUS,3.2787
8758,8334,TLS,COM,0.018309
8758,5677,TLS,FRA,0.088467
8758,5696,TLS,GBR,0.02986
8758,8492,TLS,IDN,7.1092
8758,8480,TLS,IND,0.0089836
8758,8487,TLS,JPN,0.012491
8758,8349,TLS,KEN,0.012149
8758,8348,TLS,MDG,0.4277
8758,8345,TLS,MDV,0.00025667
8758,8482,TLS,MMR,0.011208
8758,8347,TLS,MOZ,0.035763
8758,8343,TLS,MUS,0.76745
8758,8483,TLS,MYS,0.013689
8758,8354,TLS,OMN,0.00034223
8758,8324,TLS,PNG,0.018652
8758,8338,TLS,REU,0.22596
8758,8350,TLS,SOM,0.036961
8758,8332,TLS,THA,0.00042779
8758,8758,TLS,TLS,1.2965
8758,8479,TLS,TZA,0.044405
8758,8456,TLS,USA,0.0011123
8758,8353,TLS,YEM,0.0093258
8758,8396,TLS,ZAF,0.008898
8420,8404,TTO,BHS,2.7817
8420,8457,TTO,BLZ,0.32461
8420,8418,TTO,BRB,0.0030801
8420,8493,TTO,CAN,0.39879
8420,8426,TTO,COL,1.3378
8420,8424,TTO,CRI,0.1582
8420,8406,TTO,CUB,7.3264
8420,5674,TTO,DNK,0.0022245
8420,8409,TTO,DOM,1.9226
8420,5693,TTO,ESP,0.033111
8420,5677,TTO,FRA,0.00077002
8420,5696,TTO,GBR,4.0631
8420,33177,TTO,GLP,0.00025667
8420,8430,TTO,GTM,0.14519
8420,8460,TTO,GUY,0.0020534
8420,8427,TTO,HND,1.3625
8420,8408,TTO,HTI,3.4288
8420,5681,TTO,IRL,0.024298
8420,8459,TTO,JAM,2.9982
8420,8429,TTO,MEX,3.7224
8420,33178,TTO,MTQ,0.0021389
8420,8425,TTO,NIC,0.79398
8420,5668,TTO,NLD,0.63723
8420,8423,TTO,PAN,1.7289
8420,33179,TTO,PRI,0.44884
8420,5688,TTO,PRT,1.3952
8420,8420,TTO,TTO,0.72467
8420,8456,TTO,USA,13.213
8420,8433,TTO,VEN,26.257
8366,5670,TUN,ALB,0.090948
8366,8376,TUN,CYP,0.018994
8366,8378,TUN,DZA,0.77019
8366,8490,TUN,EGY,3.088
8366,5693,TUN,ESP,0.32358
8366,5677,TUN,FRA,0.19995
8366,5679,TUN,GRC,4.0488
8366,5673,TUN,HRV,0.35258
8366,8357,TUN,ISR,0.11328
8366,5682,TUN,ITA,13.235
8366,8374,TUN,LBN,0.027977
8366,8372,TUN,LBY,84.985
8366,5685,TUN,MLT,6.0886
8366,8373,TUN,SYR,0.0086413
8366,8366,TUN,TUN,65.29
8366,5697,TUN,TUR,0.010352
5697,8464,TUR,BRA,0.022331
5697,5670,TUR,ALB,0.01617
5697,8393,TUR,BEN,0.00068446
5697,5672,TUR,BGR,10.556
5697,8418,TUR,BRB,8.56E-05
5697,8473,TUR,CIV,0.0024812
5697,8475,TUR,CMR,0.37038
5697,8376,TUR,CYP,7.6884
5697,8490,TUR,EGY,25.852
5697,5677,TUR,FRA,0.00025667
5697,8476,TUR,GAB,0.00034223
5697,5678,TUR,GEO,7.8977
5697,8400,TUR,GHA,0.014545
5697,33177,TUR,GLP,0.00017112
5697,8398,TUR,GNQ,0.026523
5697,5679,TUR,GRC,40.468
5697,8460,TUR,GUY,0.00042779
5697,5673,TUR,HRV,0.017796
5697,8357,TUR,ISR,8.9648
5697,5682,TUR,ITA,0.16359
5697,8374,TUR,LBN,4.4839
5697,8391,TUR,LBR,0.00042779
5697,8372,TUR,LBY,4.6143
5697,5685,TUR,MLT,0.017283
5697,33178,TUR,MTQ,0.00025667
5697,8474,TUR,NGA,0.11918
5697,33179,TUR,PRI,0.0023956
5697,5689,TUR,ROU,3.412
5697,5690,TUR,RUS,13.189
5697,8461,TUR,SUR,0.00034223
5697,8373,TUR,SYR,3.0588
5697,8392,TUR,TGO,0.0017112
5697,8420,TUR,TTO,0.00025667
5697,5697,TUR,TUR,148.09
5697,5695,TUR,UKR,16.082
5697,8456,TUR,USA,0.0011978
5697,8433,TUR,VEN,0.0011123
8479,8323,TZA,AUS,0.033881
8479,8393,TZA,BEN,0.0012834
8479,8481,TZA,BGD,0.14228
8479,8473,TZA,CIV,0.0025667
8479,8475,TZA,CMR,0.020363
8479,8334,TZA,COM,0.015999
8479,8352,TZA,DJI,0.0017967
8479,8351,TZA,ERI,0.00085558
8479,5677,TZA,FRA,0.0468
8479,8476,TZA,GAB,0.00034223
8479,5696,TZA,GBR,0.033025
8479,8400,TZA,GHA,0.0048768
8479,8472,TZA,GIN,0.044661
8479,8471,TZA,GNB,0.0018823
8479,8398,TZA,GNQ,0.011294
8479,8492,TZA,IDN,1.5567
8479,8480,TZA,IND,4.662
8479,8349,TZA,KEN,2.4452
8479,8391,TZA,LBR,0.00042779
8479,8346,TZA,LKA,1.3641
8479,8348,TZA,MDG,0.046201
8479,8345,TZA,MDV,2.3573
8479,8482,TZA,MMR,0.6653
8479,8347,TZA,MOZ,0.40674
8479,8343,TZA,MUS,0.0545
8479,8483,TZA,MYS,0.043891
8479,8474,TZA,NGA,0.053987
8479,8354,TZA,OMN,0.55861
8479,8359,TZA,PAK,0.010181
8479,8356,TZA,SAU,0.075804
8479,8390,TZA,SLE,0.00042779
8479,8350,TZA,SOM,3.8736
8479,8392,TZA,TGO,0.00094114
8479,8332,TZA,THA,0.34334
8479,8479,TZA,TZA,4.2946
8479,8484,TZA,VNM,0.0057324
8479,8353,TZA,YEM,1.8019
8479,8396,TZA,ZAF,0.0080424
5695,5672,UKR,BGR,11.573
5695,5678,UKR,GEO,3.5258
5695,5689,UKR,ROU,6.765
5695,5690,UKR,RUS,6.5017
5695,5697,UKR,TUR,38.86
5695,5695,UKR,UKR,24.276
8467,8464,URY,BRA,1.434
8467,8466,URY,ARG,4.9548
8467,5696,URY,GBR,0.62645
8467,8395,URY,NAM,0.00068446
8467,8467,URY,URY,3.8364
8467,8396,URY,ZAF,0.016256
8456,8464,USA,BRA,0.18806
8456,8393,USA,BEN,0.0154
8456,8404,USA,BHS,0.71441
8456,8457,USA,BLZ,0.0005989
8456,8418,USA,BRB,0.025667
8456,8493,USA,CAN,3.1387
8456,8473,USA,CIV,0.046886
8456,8475,USA,CMR,4.572
8456,8426,USA,COL,0.027977
8456,8424,USA,CRI,0.020021
8456,8406,USA,CUB,0.14879
8456,5669,USA,DEU,0.0012834
8456,5674,USA,DNK,0.014031
8456,8409,USA,DOM,0.050051
8456,8431,USA,ECU,0.00094114
8456,5693,USA,ESP,0.47741
8456,5677,USA,FRA,0.17009
8456,8476,USA,GAB,0.0024812
8456,5696,USA,GBR,4.3783
8456,8400,USA,GHA,0.15349
8456,8472,USA,GIN,0.11816
8456,33177,USA,GLP,0.0021389
8456,8471,USA,GNB,0.0047912
8456,8398,USA,GNQ,0.61499
8456,8460,USA,GUY,0.010096
8456,8427,USA,HND,0.010866
8456,8408,USA,HTI,0.066393
8456,5681,USA,IRL,0.50607
8456,5680,USA,ISL,0.0037645
8456,8459,USA,JAM,0.028576
8456,8391,USA,LBR,0.052618
8456,21790,USA,MCO,0.014374
8456,8429,USA,MEX,12.991
8456,33178,USA,MTQ,0.005989
8456,8474,USA,NGA,1.5949
8456,8425,USA,NIC,0.0031656
8456,5668,USA,NLD,0.0033368
8456,5686,USA,NOR,0.050479
8456,8423,USA,PAN,0.00068446
8456,33179,USA,PRI,0.027379
8456,5688,USA,PRT,10.942
8456,5690,USA,RUS,0.032683
8456,8390,USA,SLE,0.071869
8456,8461,USA,SUR,0.018309
8456,5694,USA,SWE,0.0016256
8456,8392,USA,TGO,0.012064
8456,8420,USA,TTO,0.0063313
8456,8456,USA,USA,44.27
8456,8433,USA,VEN,0.028747
8433,8404,VEN,BHS,1.4099
8433,8457,VEN,BLZ,0.52849
8433,8493,VEN,CAN,0.24316
8433,8426,VEN,COL,2.7591
8433,8424,VEN,CRI,0.2512
8433,8406,VEN,CUB,2.6288
8433,8409,VEN,DOM,0.17368
8433,5693,VEN,ESP,0.015743
8433,5677,VEN,FRA,0.0082136
8433,5696,VEN,GBR,2.3605
8433,8430,VEN,GTM,0.53054
8433,8427,VEN,HND,2.0612
8433,8408,VEN,HTI,0.29962
8433,5681,VEN,IRL,0.02832
8433,8459,VEN,JAM,1.3007
8433,8429,VEN,MEX,4.619
8433,8425,VEN,NIC,1.4196
8433,5668,VEN,NLD,0.39083
8433,8423,VEN,PAN,3.3936
8433,33179,VEN,PRI,0.016342
8433,5688,VEN,PRT,1.2882
8433,8420,VEN,TTO,0.0034223
8433,8456,VEN,USA,13.647
8433,8433,VEN,VEN,8.7034
8484,8323,VNM,AUS,3.8257
8484,8481,VNM,BGD,0.10062
8484,26521,VNM,BRN,1.3918
8484,8486,VNM,CHN,139.41
8484,8334,VNM,COM,0.0087269
8484,8325,VNM,FJI,0.013433
8484,5677,VNM,FRA,0.09745
8484,5696,VNM,GBR,0.032598
8484,8492,VNM,IDN,211.3
8484,8480,VNM,IND,5.944
8484,8487,VNM,JPN,33.059
8484,8349,VNM,KEN,0.00025667
8484,8331,VNM,KHM,44.972
8484,8327,VNM,KOR,3.6977
8484,8346,VNM,LKA,0.48511
8484,8348,VNM,MDG,0.11824
8484,8345,VNM,MDV,0.10258
8484,8482,VNM,MMR,6.6023
8484,8347,VNM,MOZ,0.011893
8484,8343,VNM,MUS,0.83795
8484,8483,VNM,MYS,133.98
8484,8312,VNM,NCL,0.023614
8484,8322,VNM,PHL,98.551
8484,8324,VNM,PNG,0.45098
8484,8328,VNM,PRK,0.077772
8484,8338,VNM,REU,0.088296
8484,5690,VNM,RUS,0.060832
8484,8485,VNM,SGP,0.48862
8484,8314,VNM,SLB,0.11764
8484,8350,VNM,SOM,0.009668
8484,8332,VNM,THA,133.25
8484,8758,VNM,TLS,0.13133
8484,8479,VNM,TZA,0.0039357
8484,8456,VNM,USA,0.62004
8484,8484,VNM,VNM,466.25
8484,8313,VNM,VUT,0.028576
8484,8353,VNM,YEM,0.0030801
8313,8323,VUT,AUS,6.7444
8313,8325,VUT,FJI,0.068789
8313,8492,VUT,IDN,0.23434
8313,8487,VUT,JPN,0.014374
8313,8312,VUT,NCL,3.3781
8313,8455,VUT,NZL,0.2435
8313,8324,VUT,PNG,0.41906
8313,8314,VUT,SLB,0.23571
8313,8758,VUT,TLS,0.0049624
8313,8456,VUT,USA,0.0054757
8313,8313,VUT,VUT,1.1875
8445,8323,WSM,AUS,0.60609
8445,8325,WSM,FJI,1.0604
8445,5677,WSM,FRA,0.14117
8445,8492,WSM,IDN,0.038244
8445,8312,WSM,NCL,0.61542
8445,8455,WSM,NZL,0.45662
8445,8324,WSM,PNG,0.058607
8445,8440,WSM,PYF,0.0085558
8445,8314,WSM,SLB,0.069986
8445,8758,WSM,TLS,0.0022245
8445,8456,WSM,USA,0.071184
8445,8313,WSM,VUT,0.30878
8445,8445,WSM,WSM,0.19345
8353,8360,YEM,ARE,0.0024812
8353,8481,YEM,BGD,0.014374
8353,8334,YEM,COM,0.00051335
8353,8352,YEM,DJI,0.30382
8353,8490,YEM,EGY,0.094627
8353,8351,YEM,ERI,5.6383
8353,5677,YEM,FRA,0.00154
8353,5696,YEM,GBR,0.0092402
8353,8492,YEM,IDN,0.6511
8353,8480,YEM,IND,10.304
8353,8469,YEM,IRN,0.15221
8353,8349,YEM,KEN,0.20902
8353,8346,YEM,LKA,1.5973
8353,8348,YEM,MDG,0.0058179
8353,8345,YEM,MDV,1.3494
8353,8482,YEM,MMR,0.5148
8353,8347,YEM,MOZ,8.56E-05
8353,8343,YEM,MUS,0.0018823
8353,8483,YEM,MYS,0.021475
8353,8354,YEM,OMN,8.0557
8353,8359,YEM,PAK,0.33599
8353,8356,YEM,SAU,37.13
8353,8355,YEM,SDN,1.5974
8353,8350,YEM,SOM,2.7479
8353,8332,YEM,THA,0.28919
8353,8479,YEM,TZA,0.019593
8353,8353,YEM,YEM,85.164
8396,8478,ZAF,AGO,0.0078713
8396,8464,ZAF,BRA,0.221
8396,8466,ZAF,ARG,0.00017112
8396,8323,ZAF,AUS,2.5649
8396,8393,ZAF,BEN,0.0054757
8396,8404,ZAF,BHS,0.01386
8396,8418,ZAF,BRB,0.0057324
8396,8473,ZAF,CIV,0.041068
8396,8475,ZAF,CMR,2.8952
8396,8426,ZAF,COL,0.00034223
8396,8334,ZAF,COM,0.00154
8396,8406,ZAF,CUB,0.015914
8396,8409,ZAF,DOM,0.023186
8396,5677,ZAF,FRA,13.751
8396,8476,ZAF,GAB,0.0029945
8396,5696,ZAF,GBR,1.1991
8396,8400,ZAF,GHA,0.1007
8396,8472,ZAF,GIN,0.052618
8396,33177,ZAF,GLP,0.0029945
8396,8471,ZAF,GNB,0.0017112
8396,8398,ZAF,GNQ,0.41239
8396,8460,ZAF,GUY,0.0029945
8396,8427,ZAF,HND,0.0011978
8396,8408,ZAF,HTI,0.01232
8396,8480,ZAF,IND,0.0087269
8396,8459,ZAF,JAM,0.0014545
8396,8349,ZAF,KEN,0.0011978
8396,8391,ZAF,LBR,0.052533
8396,8348,ZAF,MDG,1.3156
8396,8345,ZAF,MDV,0.00154
8396,8429,ZAF,MEX,0.00085558
8396,8347,ZAF,MOZ,1.4647
8396,33178,ZAF,MTQ,0.0017967
8396,8343,ZAF,MUS,0.17779
8396,8395,ZAF,NAM,11.66
8396,8474,ZAF,NGA,0.94781
8396,8425,ZAF,NIC,0.00042779
8396,5668,ZAF,NLD,0.00085558
8396,8455,ZAF,NZL,0.016085
8396,33179,ZAF,PRI,0.0070157
8396,8338,ZAF,REU,0.1386
8396,8390,ZAF,SLE,0.040982
8396,8350,ZAF,SOM,0.0056468
8396,8461,ZAF,SUR,0.0054757
8396,8392,ZAF,TGO,0.0051335
8396,8420,ZAF,TTO,0.0011978
8396,8479,ZAF,TZA,0.0005989
8396,8467,ZAF,URY,0.00085558
8396,8456,ZAF,USA,0.013176
8396,8433,ZAF,VEN,0.0046201
8396,8353,ZAF,YEM,0.00094114
8396,8396,ZAF,ZAF,150.52
